{
  "uuid": "b0ca8948-c238-3f8b-97ac-0b3bcdd2cbb5",
  "starterPrompted": true,
  "starterLocked": false,
  "starterSelected": true,
  "starterUUID": "4165cede-42a9-4485-b254-8cbacdecd523",
  "keyItems": [],
  "battleTheme": "cobblemon:battle.pvp.default",
  "extraData": {},
  "advancementData": {
    "totalCaptureCount": 3,
    "totalEggsHatched": 0,
    "totalEvolvedCount": 0,
    "totalBattleVictoryCount": 14,
    "totalPvPBattleVictoryCount": 0,
    "totalPvWBattleVictoryCount": 14,
    "totalPvNBattleVictoryCount": 0,
    "totalShinyCaptureCount": 0,
    "totalTradedCount": 0,
    "totalTypeCaptureCounts": {
      "electric": 1,
      "normal": 1,
      "grass": 1,
      "fairy": 1
    },
    "totalDefeatedCounts": {
      "cobblemon:taillow": 2,
      "cobblemon:lechonk": 2,
      "cobblemon:gimmighoul": 1,
      "cobblemon:bunnelby": 1,
      "cobblemon:zigzagoon": 1,
      "cobblemon:wooloo": 1,
      "cobblemon:mareep": 1,
      "cobblemon:kakuna": 1,
      "cobblemon:metapod": 1
    },
    "aspectsCollected": {}
  }
}