{
  "uuid": "b8a71927-0368-394c-a424-6af0f16fdf64",
  "starterPrompted": true,
  "starterLocked": false,
  "starterSelected": true,
  "starterUUID": "59330ca2-9227-46d6-8580-0ca50a894b86",
  "keyItems": [],
  "battleTheme": "cobblemon:battle.pvp.default",
  "extraData": {},
  "advancementData": {
    "totalCaptureCount": 2,
    "totalEggsHatched": 0,
    "totalEvolvedCount": 5,
    "totalBattleVictoryCount": 21,
    "totalPvPBattleVictoryCount": 0,
    "totalPvWBattleVictoryCount": 21,
    "totalPvNBattleVictoryCount": 0,
    "totalShinyCaptureCount": 0,
    "totalTradedCount": 0,
    "totalTypeCaptureCounts": {
      "dark": 1,
      "rock": 1
    },
    "totalDefeatedCounts": {
      "cobblemon:lechonk": 3,
      "cobblemon:patrat": 2,
      "cobblemon:zubat": 1,
      "cobblemon:combee": 1,
      "cobblemon:magikarp": 1,
      "cobblemon:goldeen": 1,
      "cobblemon:bunnelby": 3,
      "cobblemon:mudbray": 1,
      "cobblemon:zigzagoon": 2,
      "cobblemon:pidgey": 1,
      "cobblemon:doduo": 1,
      "cobblemon:phanpy": 1,
      "cobblemon:miltank": 1
    },
    "aspectsCollected": {}
  }
}