{
  "uuid": "534fcf25-da9a-3b8c-a54f-032ddb6efd44",
  "starterPrompted": true,
  "starterLocked": false,
  "starterSelected": true,
  "starterUUID": "4c3a2e7b-3f60-4244-9a61-29224c635386",
  "keyItems": [],
  "battleTheme": "cobblemon:battle.pvp.default",
  "extraData": {},
  "advancementData": {
    "totalCaptureCount": 16,
    "totalEggsHatched": 0,
    "totalEvolvedCount": 14,
    "totalBattleVictoryCount": 2,
    "totalPvPBattleVictoryCount": 0,
    "totalPvWBattleVictoryCount": 2,
    "totalPvNBattleVictoryCount": 0,
    "totalShinyCaptureCount": 0,
    "totalTradedCount": 0,
    "totalTypeCaptureCounts": {
      "bug": 1,
      "flying": 1,
      "grass": 2,
      "dragon": 1,
      "ghost": 1,
      "ground": 3,
      "normal": 2,
      "dark": 2,
      "psychic": 1,
      "fairy": 1,
      "water": 3,
      "fighting": 1,
      "poison": 1
    },
    "totalDefeatedCounts": {},
    "aspectsCollected": {}
  }
}