{
  "uuid": "14170e67-eb14-3c85-b45b-9355d6ee9983",
  "starterPrompted": true,
  "starterLocked": false,
  "starterSelected": true,
  "starterUUID": "062f0bdb-43ed-4a80-be18-a7ef6d8e7408",
  "keyItems": [],
  "battleTheme": "cobblemon:battle.pvp.default",
  "extraData": {},
  "advancementData": {
    "totalCaptureCount": 0,
    "totalEggsHatched": 0,
    "totalEvolvedCount": 0,
    "totalBattleVictoryCount": 1,
    "totalPvPBattleVictoryCount": 0,
    "totalPvWBattleVictoryCount": 1,
    "totalPvNBattleVictoryCount": 0,
    "totalShinyCaptureCount": 0,
    "totalTradedCount": 0,
    "totalTypeCaptureCounts": {},
    "totalDefeatedCounts": {
      "cobblemon:phanpy": 1
    },
    "aspectsCollected": {}
  }
}