{"stats":{"minecraft:custom":{"minecraft:time_since_rest":12576,"minecraft:play_time":12576,"minecraft:sprint_one_cm":17842,"minecraft:damage_taken":20,"minecraft:walk_one_cm":31680,"minecraft:jump":130,"minecraft:time_since_death":12576,"minecraft:walk_on_water_one_cm":109,"minecraft:total_world_time":12576,"minecraft:fall_one_cm":2115,"minecraft:interact_with_crafting_table":1,"minecraft:fly_one_cm":9458},"minecraft:picked_up":{"minecraft:raw_iron":1,"minecraft:acacia_log":9,"minecraft:acacia_sapling":2,"minecraft:coal":10,"minecraft:cobblestone":39},"minecraft:mined":{"minecraft:acacia_log":9,"minecraft:coal_ore":8,"minecraft:acacia_leaves":5,"minecraft:iron_ore":1,"minecraft:cobblestone":1,"minecraft:stone":36},"minecraft:crafted":{"minecraft:acacia_planks":36,"minecraft:stick":16,"minecraft:stone_pickaxe":1},"minecraft:used":{"minecraft:cobblestone":1,"minecraft:stone_pickaxe":46,"minecraft:acacia_sapling":2}},"DataVersion":3465}