{"stats":{"minecraft:custom":{"minecraft:interact_with_furnace":35,"minecraft:mob_kills":41,"minecraft:interact_with_crafting_table":12,"minecraft:leave_game":1,"minecraft:time_since_death":90412,"minecraft:climb_one_cm":1048,"minecraft:sleep_in_bed":15,"minecraft:time_since_rest":23202,"minecraft:sprint_one_cm":392063,"minecraft:damage_taken":2052,"minecraft:walk_one_cm":535843,"minecraft:drop":9,"minecraft:damage_dealt":4880,"minecraft:damage_dealt_absorbed":40,"minecraft:swim_one_cm":7010,"minecraft:player_kills":1,"minecraft:fly_one_cm":545577,"minecraft:open_chest":31,"minecraft:crouch_one_cm":148,"minecraft:play_time":165818,"minecraft:deaths":4,"minecraft:sneak_time":273,"minecraft:walk_under_water_one_cm":2159,"minecraft:jump":2514,"minecraft:interact_with_blast_furnace":1,"minecraft:walk_on_water_one_cm":11360,"minecraft:enchant_item":1,"minecraft:total_world_time":165818,"minecraft:interact_with_smoker":3,"minecraft:fall_one_cm":53939},"minecraft:picked_up":{"minecraft:iron_chestplate":1,"minecraft:feather":1,"minecraft:chicken":3,"minecraft:andesite":27,"cobblemon:yellow_apricorn":11,"minecraft:black_bed":4,"minecraft:leather":2,"minecraft:flint":1,"cobblemon:slate_ball":3,"minecraft:gunpowder":2,"minecraft:string":3,"minecraft:dirt":14,"minecraft:raw_copper":31,"minecraft:iron_leggings":1,"minecraft:cooked_mutton":5,"minecraft:bone":6,"minecraft:acacia_planks":74,"minecraft:bow":1,"cobblemon:black_apricorn":30,"minecraft:wheat_seeds":6,"cobblemon:green_apricorn":22,"minecraft:stone_pickaxe":2,"minecraft:beef":7,"cobblemon:oran_berry":47,"minecraft:rabbit":1,"minecraft:melon_slice":50,"minecraft:sugar_cane":28,"minecraft:acacia_sapling":2,"cobblemon:green_apricorn_seed":3,"minecraft:diamond_hoe":1,"minecraft:iron_boots":1,"cobblemon:chilan_berry":2,"cobblemon:azure_ball":1,"minecraft:stick":18,"minecraft:raw_iron":15,"minecraft:pumpkin":51,"cobblemon:black_apricorn_seed":3,"minecraft:acacia_log":9,"cobblemon:blue_apricorn_seed":2,"cobblemon:cheri_berry":6,"minecraft:porkchop":39,"minecraft:spider_eye":1,"minecraft:diamond_shovel":1,"minecraft:arrow":6,"minecraft:diamond_chestplate":1,"minecraft:rotten_flesh":9,"cobblemon:poke_ball":7,"minecraft:stone_axe":2,"minecraft:diamond_axe":1,"cobblemon:medicinal_leek":16,"minecraft:oak_sapling":1,"cobblemon:blue_apricorn":21,"minecraft:mutton":20,"cobblemon:verdant_ball":11,"minecraft:coal":57,"minecraft:white_wool":8,"minecraft:cobblestone":105,"minecraft:diamond_pickaxe":1},"minecraft:dropped":{"minecraft:diamond_axe":1,"minecraft:diamond_hoe":1,"minecraft:iron_boots":1,"minecraft:diamond_shovel":1,"minecraft:diamond_chestplate":1,"minecraft:iron_chestplate":2,"minecraft:diamond_pickaxe":1,"minecraft:iron_leggings":1},"minecraft:broken":{"minecraft:stone_pickaxe":1},"minecraft:mined":{"minecraft:acacia_leaves":5,"minecraft:acacia_log":9,"minecraft:grass_block":1,"minecraft:melon":9,"minecraft:tall_grass":7,"minecraft:copper_ore":8,"minecraft:cobblestone":1,"minecraft:sugar_cane":14,"cobblemon:oran_berry":2,"minecraft:iron_ore":10,"minecraft:andesite":2,"minecraft:pumpkin":17,"minecraft:black_bed":3,"cobblemon:medicinal_leek":6,"minecraft:grass":43,"minecraft:coal_ore":21,"minecraft:stone":67,"minecraft:fern":4},"minecraft:crafted":{"minecraft:cooked_beef":3,"minecraft:cooked_porkchop":18,"minecraft:crafting_table":1,"minecraft:cooked_chicken":5,"cobblemon:verdant_ball":16,"cobblemon:slate_ball":8,"minecraft:furnace":2,"minecraft:copper_ingot":11,"minecraft:stone_axe":1,"minecraft:cooked_mutton":11,"minecraft:air":0,"cobblemon:remedy":3,"minecraft:stick":16,"minecraft:stone_pickaxe":2,"cobblemon:azure_ball":4,"minecraft:acacia_planks":36},"minecraft:killed":{"minecraft:pig":14,"cobblemon:pokemon":1,"minecraft:spider":2,"minecraft:creeper":1,"minecraft:skeleton":3,"minecraft:sheep":8,"minecraft:zombie":5,"minecraft:chicken":3,"minecraft:cow":3},"minecraft:used":{"minecraft:cooked_mutton":6,"minecraft:enchanting_table":1,"minecraft:flint_and_steel":1,"minecraft:stone_pickaxe":140,"minecraft:cauldron":1,"minecraft:stonecutter":1,"minecraft:cooked_chicken":3,"minecraft:crafting_table":1,"minecraft:blast_furnace":6,"cobblemon:black_apricorn_seed":2,"minecraft:black_bed":4,"minecraft:acacia_sapling":2,"minecraft:smoker":1,"cobblemon:green_apricorn_seed":3,"minecraft:bookshelf":20,"minecraft:grass_block":1,"minecraft:melon_slice":9,"minecraft:stone_axe":118,"minecraft:cobblestone":3,"minecraft:bow":3,"minecraft:grindstone":1,"minecraft:furnace":2,"minecraft:porkchop":6,"minecraft:cooked_porkchop":7,"minecraft:acacia_planks":2,"cobblemon:blue_apricorn_seed":2},"minecraft:killed_by":{"minecraft:player":2,"minecraft:creeper":1,"minecraft:zombie":1}},"DataVersion":3465}