{"stats":{"minecraft:custom":{"minecraft:interact_with_furnace":29,"minecraft:mob_kills":33,"minecraft:interact_with_crafting_table":6,"minecraft:leave_game":1,"minecraft:time_since_death":18626,"minecraft:sleep_in_bed":11,"minecraft:climb_one_cm":208,"minecraft:time_since_rest":11833,"minecraft:sprint_one_cm":203059,"minecraft:damage_taken":1548,"minecraft:walk_one_cm":347450,"minecraft:damage_dealt":3499,"minecraft:damage_dealt_absorbed":40,"minecraft:swim_one_cm":1323,"minecraft:player_kills":1,"minecraft:fly_one_cm":300141,"minecraft:open_chest":15,"minecraft:crouch_one_cm":3,"minecraft:play_time":94032,"minecraft:deaths":4,"minecraft:sneak_time":71,"minecraft:walk_under_water_one_cm":1715,"minecraft:jump":1426,"minecraft:walk_on_water_one_cm":6314,"minecraft:total_world_time":94032,"minecraft:fall_one_cm":29418},"minecraft:picked_up":{"minecraft:feather":1,"minecraft:chicken":3,"minecraft:black_bed":3,"minecraft:leather":2,"cobblemon:slate_ball":3,"minecraft:gunpowder":2,"minecraft:dirt":12,"minecraft:string":2,"minecraft:raw_copper":14,"minecraft:cooked_mutton":5,"minecraft:bone":4,"minecraft:acacia_planks":74,"minecraft:wheat_seeds":5,"cobblemon:black_apricorn":16,"cobblemon:green_apricorn":9,"minecraft:stone_pickaxe":2,"minecraft:beef":7,"cobblemon:oran_berry":36,"minecraft:sugar_cane":28,"cobblemon:green_apricorn_seed":1,"minecraft:acacia_sapling":2,"minecraft:stick":16,"minecraft:raw_iron":8,"minecraft:pumpkin":51,"cobblemon:black_apricorn_seed":2,"minecraft:acacia_log":9,"cobblemon:cheri_berry":6,"minecraft:porkchop":26,"minecraft:spider_eye":1,"minecraft:arrow":2,"minecraft:rotten_flesh":6,"minecraft:stone_axe":2,"cobblemon:poke_ball":7,"cobblemon:medicinal_leek":16,"cobblemon:blue_apricorn":14,"cobblemon:verdant_ball":6,"minecraft:mutton":18,"minecraft:coal":31,"minecraft:white_wool":7,"minecraft:cobblestone":82},"minecraft:mined":{"minecraft:acacia_leaves":5,"minecraft:acacia_log":9,"minecraft:tall_grass":7,"minecraft:copper_ore":4,"minecraft:cobblestone":1,"minecraft:sugar_cane":14,"cobblemon:oran_berry":2,"minecraft:iron_ore":3,"minecraft:pumpkin":17,"minecraft:black_bed":2,"cobblemon:medicinal_leek":6,"minecraft:grass":36,"minecraft:coal_ore":19,"minecraft:stone":44,"minecraft:fern":2},"minecraft:crafted":{"minecraft:cooked_beef":3,"minecraft:crafting_table":1,"cobblemon:verdant_ball":8,"minecraft:cooked_chicken":5,"cobblemon:slate_ball":4,"minecraft:furnace":2,"minecraft:copper_ingot":11,"minecraft:stone_axe":1,"minecraft:cooked_mutton":11,"minecraft:air":0,"minecraft:stick":16,"minecraft:stone_pickaxe":1,"minecraft:acacia_planks":36},"minecraft:killed":{"minecraft:pig":12,"cobblemon:pokemon":1,"minecraft:spider":1,"minecraft:creeper":1,"minecraft:skeleton":1,"minecraft:sheep":7,"minecraft:zombie":3,"minecraft:chicken":3,"minecraft:cow":3},"minecraft:used":{"minecraft:cooked_mutton":6,"minecraft:stone_pickaxe":100,"minecraft:cooked_chicken":3,"minecraft:crafting_table":1,"cobblemon:black_apricorn_seed":1,"minecraft:acacia_sapling":2,"minecraft:black_bed":3,"minecraft:smoker":1,"cobblemon:green_apricorn_seed":1,"minecraft:stone_axe":87,"minecraft:cobblestone":1,"minecraft:bow":3,"minecraft:porkchop":4,"minecraft:furnace":2,"minecraft:acacia_planks":2},"minecraft:killed_by":{"minecraft:player":2,"minecraft:creeper":1,"minecraft:zombie":1}},"DataVersion":3465}