{"stats":{"minecraft:custom":{"minecraft:interact_with_furnace":28,"minecraft:mob_kills":27,"minecraft:interact_with_crafting_table":4,"minecraft:time_since_death":25837,"minecraft:sleep_in_bed":7,"minecraft:climb_one_cm":208,"minecraft:time_since_rest":9247,"minecraft:sprint_one_cm":145689,"minecraft:damage_taken":753,"minecraft:walk_one_cm":263999,"minecraft:damage_dealt":2672,"minecraft:swim_one_cm":1223,"minecraft:fly_one_cm":210097,"minecraft:open_chest":1,"minecraft:play_time":66576,"minecraft:deaths":2,"minecraft:sneak_time":19,"minecraft:walk_under_water_one_cm":1424,"minecraft:jump":1073,"minecraft:walk_on_water_one_cm":6282,"minecraft:total_world_time":66576,"minecraft:fall_one_cm":23506},"minecraft:picked_up":{"minecraft:feather":1,"minecraft:chicken":3,"minecraft:black_bed":3,"minecraft:leather":2,"cobblemon:slate_ball":1,"minecraft:raw_copper":14,"minecraft:acacia_planks":52,"cobblemon:black_apricorn":16,"minecraft:wheat_seeds":5,"cobblemon:green_apricorn":8,"minecraft:stone_pickaxe":2,"minecraft:beef":7,"cobblemon:oran_berry":26,"minecraft:sugar_cane":28,"minecraft:acacia_sapling":2,"cobblemon:green_apricorn_seed":1,"minecraft:stick":16,"minecraft:raw_iron":5,"minecraft:pumpkin":34,"cobblemon:black_apricorn_seed":2,"minecraft:acacia_log":9,"cobblemon:cheri_berry":6,"minecraft:porkchop":22,"minecraft:rotten_flesh":6,"cobblemon:poke_ball":7,"minecraft:stone_axe":1,"cobblemon:medicinal_leek":16,"minecraft:mutton":18,"minecraft:coal":31,"cobblemon:blue_apricorn":4,"minecraft:white_wool":7,"minecraft:cobblestone":82},"minecraft:mined":{"minecraft:acacia_leaves":5,"minecraft:acacia_log":9,"minecraft:cobblestone":1,"minecraft:tall_grass":7,"minecraft:copper_ore":4,"minecraft:sugar_cane":14,"cobblemon:oran_berry":2,"minecraft:iron_ore":3,"minecraft:pumpkin":17,"minecraft:black_bed":2,"cobblemon:medicinal_leek":6,"minecraft:grass":27,"minecraft:coal_ore":19,"minecraft:stone":44,"minecraft:fern":2},"minecraft:crafted":{"minecraft:cooked_beef":3,"minecraft:crafting_table":1,"minecraft:cooked_chicken":5,"cobblemon:slate_ball":4,"minecraft:furnace":2,"minecraft:copper_ingot":11,"minecraft:stone_axe":1,"minecraft:cooked_mutton":11,"minecraft:air":0,"minecraft:stick":16,"minecraft:stone_pickaxe":1,"minecraft:acacia_planks":36},"minecraft:killed":{"minecraft:pig":10,"cobblemon:pokemon":1,"minecraft:sheep":7,"minecraft:zombie":2,"minecraft:chicken":3,"minecraft:cow":3},"minecraft:used":{"minecraft:cooked_mutton":3,"minecraft:stone_pickaxe":100,"minecraft:cooked_chicken":3,"minecraft:crafting_table":1,"cobblemon:black_apricorn_seed":1,"minecraft:acacia_sapling":2,"minecraft:black_bed":3,"cobblemon:green_apricorn_seed":1,"minecraft:stone_axe":71,"minecraft:cobblestone":1,"minecraft:furnace":2,"minecraft:acacia_planks":2},"minecraft:killed_by":{"minecraft:player":1,"minecraft:creeper":1}},"DataVersion":3465}