{"stats":{"minecraft:custom":{"minecraft:interact_with_furnace":33,"minecraft:mob_kills":35,"minecraft:interact_with_crafting_table":9,"minecraft:leave_game":1,"minecraft:time_since_death":42626,"minecraft:sleep_in_bed":13,"minecraft:climb_one_cm":577,"minecraft:time_since_rest":5446,"minecraft:sprint_one_cm":279024,"minecraft:damage_taken":1765,"minecraft:walk_one_cm":421571,"minecraft:damage_dealt":3939,"minecraft:damage_dealt_absorbed":40,"minecraft:swim_one_cm":7010,"minecraft:player_kills":1,"minecraft:fly_one_cm":431971,"minecraft:open_chest":21,"minecraft:crouch_one_cm":3,"minecraft:play_time":118032,"minecraft:deaths":4,"minecraft:sneak_time":75,"minecraft:walk_under_water_one_cm":2022,"minecraft:jump":1958,"minecraft:walk_on_water_one_cm":7433,"minecraft:interact_with_smoker":2,"minecraft:total_world_time":118032,"minecraft:fall_one_cm":42859},"minecraft:picked_up":{"minecraft:feather":1,"minecraft:chicken":3,"cobblemon:yellow_apricorn":6,"minecraft:black_bed":4,"minecraft:leather":2,"cobblemon:slate_ball":3,"minecraft:gunpowder":2,"minecraft:dirt":13,"minecraft:string":2,"minecraft:raw_copper":14,"minecraft:cooked_mutton":5,"minecraft:bone":6,"minecraft:acacia_planks":74,"minecraft:wheat_seeds":6,"cobblemon:black_apricorn":19,"cobblemon:green_apricorn":17,"minecraft:stone_pickaxe":2,"minecraft:beef":7,"cobblemon:oran_berry":36,"minecraft:melon_slice":50,"minecraft:sugar_cane":28,"cobblemon:green_apricorn_seed":2,"minecraft:acacia_sapling":2,"cobblemon:chilan_berry":1,"minecraft:stick":16,"minecraft:raw_iron":8,"minecraft:pumpkin":51,"cobblemon:black_apricorn_seed":2,"minecraft:acacia_log":9,"cobblemon:blue_apricorn_seed":2,"cobblemon:cheri_berry":6,"minecraft:porkchop":36,"minecraft:spider_eye":1,"minecraft:arrow":4,"minecraft:rotten_flesh":7,"minecraft:stone_axe":2,"cobblemon:poke_ball":7,"cobblemon:medicinal_leek":16,"cobblemon:blue_apricorn":21,"cobblemon:verdant_ball":6,"minecraft:mutton":18,"minecraft:coal":31,"minecraft:white_wool":7,"minecraft:cobblestone":82},"minecraft:mined":{"minecraft:acacia_leaves":5,"minecraft:acacia_log":9,"minecraft:grass_block":1,"minecraft:melon":9,"minecraft:tall_grass":7,"minecraft:copper_ore":4,"minecraft:cobblestone":1,"minecraft:sugar_cane":14,"cobblemon:oran_berry":2,"minecraft:iron_ore":3,"minecraft:pumpkin":17,"minecraft:black_bed":3,"cobblemon:medicinal_leek":6,"minecraft:grass":39,"minecraft:coal_ore":19,"minecraft:stone":44,"minecraft:fern":3},"minecraft:crafted":{"minecraft:cooked_beef":3,"minecraft:cooked_porkchop":13,"minecraft:crafting_table":1,"cobblemon:verdant_ball":8,"minecraft:cooked_chicken":5,"cobblemon:slate_ball":8,"minecraft:furnace":2,"minecraft:copper_ingot":11,"minecraft:stone_axe":1,"minecraft:cooked_mutton":11,"minecraft:air":0,"cobblemon:remedy":3,"minecraft:stick":16,"minecraft:stone_pickaxe":1,"cobblemon:azure_ball":4,"minecraft:acacia_planks":36},"minecraft:killed":{"minecraft:pig":13,"cobblemon:pokemon":1,"minecraft:spider":1,"minecraft:creeper":1,"minecraft:skeleton":2,"minecraft:sheep":7,"minecraft:zombie":3,"minecraft:chicken":3,"minecraft:cow":3},"minecraft:used":{"minecraft:cooked_mutton":6,"minecraft:stone_pickaxe":101,"minecraft:cooked_chicken":3,"minecraft:crafting_table":1,"cobblemon:black_apricorn_seed":1,"minecraft:acacia_sapling":2,"minecraft:black_bed":4,"minecraft:smoker":1,"cobblemon:green_apricorn_seed":2,"minecraft:melon_slice":9,"minecraft:stone_axe":104,"minecraft:cobblestone":1,"minecraft:bow":3,"minecraft:cooked_porkchop":2,"minecraft:porkchop":6,"minecraft:furnace":2,"minecraft:acacia_planks":2,"cobblemon:blue_apricorn_seed":2},"minecraft:killed_by":{"minecraft:player":2,"minecraft:creeper":1,"minecraft:zombie":1}},"DataVersion":3465}