{"stats":{"minecraft:custom":{"minecraft:time_since_rest":11779,"minecraft:interact_with_furnace":21,"minecraft:sprint_one_cm":125334,"minecraft:damage_taken":693,"minecraft:walk_one_cm":227677,"minecraft:mob_kills":21,"minecraft:damage_dealt":2072,"minecraft:swim_one_cm":1223,"minecraft:interact_with_crafting_table":3,"minecraft:fly_one_cm":160002,"minecraft:open_chest":1,"minecraft:play_time":54576,"minecraft:deaths":2,"minecraft:sneak_time":17,"minecraft:walk_under_water_one_cm":1424,"minecraft:jump":898,"minecraft:walk_on_water_one_cm":6282,"minecraft:time_since_death":13837,"minecraft:sleep_in_bed":5,"minecraft:total_world_time":54576,"minecraft:fall_one_cm":20305},"minecraft:picked_up":{"minecraft:stick":16,"minecraft:raw_iron":3,"minecraft:chicken":3,"minecraft:feather":1,"minecraft:pumpkin":34,"minecraft:black_bed":3,"minecraft:leather":2,"cobblemon:black_apricorn_seed":2,"minecraft:acacia_log":9,"cobblemon:cheri_berry":6,"minecraft:porkchop":7,"minecraft:raw_copper":14,"minecraft:acacia_planks":52,"minecraft:rotten_flesh":6,"minecraft:stone_axe":1,"cobblemon:poke_ball":7,"minecraft:wheat_seeds":4,"cobblemon:black_apricorn":16,"cobblemon:green_apricorn":7,"minecraft:beef":7,"minecraft:stone_pickaxe":2,"cobblemon:oran_berry":1,"cobblemon:green_apricorn_seed":1,"cobblemon:medicinal_leek":16,"minecraft:sugar_cane":28,"minecraft:mutton":18,"minecraft:coal":31,"minecraft:acacia_sapling":2,"minecraft:white_wool":7,"minecraft:cobblestone":80},"minecraft:mined":{"minecraft:acacia_leaves":5,"minecraft:iron_ore":1,"minecraft:pumpkin":17,"minecraft:black_bed":2,"cobblemon:medicinal_leek":6,"minecraft:grass":24,"minecraft:acacia_log":9,"minecraft:coal_ore":19,"minecraft:copper_ore":4,"minecraft:tall_grass":7,"minecraft:cobblestone":1,"minecraft:stone":42,"minecraft:sugar_cane":14},"minecraft:crafted":{"minecraft:cooked_beef":3,"minecraft:crafting_table":1,"minecraft:stick":16,"minecraft:cooked_chicken":5,"minecraft:stone_pickaxe":1,"minecraft:furnace":2,"minecraft:acacia_planks":36,"minecraft:stone_axe":1,"minecraft:cooked_mutton":11,"minecraft:air":0},"minecraft:killed":{"minecraft:sheep":7,"minecraft:pig":4,"minecraft:zombie":2,"cobblemon:pokemon":1,"minecraft:chicken":3,"minecraft:cow":3},"minecraft:used":{"minecraft:cooked_mutton":2,"minecraft:stone_pickaxe":94,"minecraft:cooked_chicken":3,"minecraft:stone_axe":57,"minecraft:cobblestone":1,"minecraft:crafting_table":1,"minecraft:furnace":2,"minecraft:acacia_sapling":2,"minecraft:black_bed":2},"minecraft:killed_by":{"minecraft:player":1,"minecraft:creeper":1}},"DataVersion":3465}