{"stats":{"minecraft:custom":{"minecraft:time_since_rest":1510,"minecraft:interact_with_furnace":2,"minecraft:deaths":1,"minecraft:play_time":24576,"minecraft:sprint_one_cm":44145,"minecraft:damage_taken":382,"minecraft:walk_one_cm":74405,"minecraft:mob_kills":2,"minecraft:jump":332,"minecraft:damage_dealt":163,"minecraft:time_since_death":7976,"minecraft:walk_on_water_one_cm":109,"minecraft:sleep_in_bed":1,"minecraft:total_world_time":24576,"minecraft:fall_one_cm":7607,"minecraft:interact_with_crafting_table":1,"minecraft:fly_one_cm":45225},"minecraft:picked_up":{"minecraft:stick":14,"minecraft:raw_iron":2,"minecraft:rotten_flesh":6,"minecraft:acacia_planks":28,"minecraft:black_bed":1,"cobblemon:poke_ball":5,"minecraft:acacia_log":9,"minecraft:stone_pickaxe":1,"minecraft:acacia_sapling":2,"minecraft:coal":20,"minecraft:cobblestone":80},"minecraft:mined":{"minecraft:grass":1,"minecraft:acacia_log":9,"minecraft:coal_ore":8,"minecraft:acacia_leaves":5,"minecraft:iron_ore":1,"minecraft:cobblestone":1,"minecraft:stone":42},"minecraft:crafted":{"minecraft:acacia_planks":36,"minecraft:stick":16,"minecraft:stone_pickaxe":1},"minecraft:killed":{"minecraft:zombie":1},"minecraft:used":{"minecraft:cobblestone":1,"minecraft:stone_pickaxe":60,"minecraft:acacia_sapling":2,"minecraft:black_bed":1},"minecraft:killed_by":{"minecraft:player":1}},"DataVersion":3465}