{"stats":{"minecraft:custom":{"minecraft:interact_with_furnace":29,"minecraft:mob_kills":31,"minecraft:interact_with_crafting_table":6,"minecraft:time_since_death":3170,"minecraft:sleep_in_bed":10,"minecraft:climb_one_cm":208,"minecraft:time_since_rest":2470,"minecraft:sprint_one_cm":177908,"minecraft:damage_taken":1528,"minecraft:walk_one_cm":320212,"minecraft:damage_dealt":3299,"minecraft:damage_dealt_absorbed":40,"minecraft:swim_one_cm":1223,"minecraft:player_kills":1,"minecraft:fly_one_cm":259756,"minecraft:open_chest":14,"minecraft:play_time":78576,"minecraft:deaths":4,"minecraft:sneak_time":23,"minecraft:walk_under_water_one_cm":1424,"minecraft:jump":1273,"minecraft:walk_on_water_one_cm":6282,"minecraft:total_world_time":78576,"minecraft:fall_one_cm":26701},"minecraft:picked_up":{"minecraft:feather":1,"minecraft:chicken":3,"minecraft:black_bed":3,"minecraft:leather":2,"cobblemon:slate_ball":1,"minecraft:gunpowder":2,"minecraft:string":2,"minecraft:dirt":12,"minecraft:raw_copper":14,"minecraft:cooked_mutton":5,"minecraft:bone":4,"minecraft:acacia_planks":74,"cobblemon:black_apricorn":16,"minecraft:wheat_seeds":5,"cobblemon:green_apricorn":8,"minecraft:stone_pickaxe":2,"minecraft:beef":7,"cobblemon:oran_berry":26,"minecraft:sugar_cane":28,"minecraft:acacia_sapling":2,"cobblemon:green_apricorn_seed":1,"minecraft:stick":16,"minecraft:raw_iron":8,"minecraft:pumpkin":51,"cobblemon:black_apricorn_seed":2,"minecraft:acacia_log":9,"cobblemon:cheri_berry":6,"minecraft:porkchop":22,"minecraft:spider_eye":1,"minecraft:arrow":2,"minecraft:rotten_flesh":6,"cobblemon:poke_ball":7,"minecraft:stone_axe":2,"cobblemon:medicinal_leek":16,"cobblemon:verdant_ball":5,"minecraft:mutton":18,"minecraft:coal":31,"cobblemon:blue_apricorn":14,"minecraft:white_wool":7,"minecraft:cobblestone":82},"minecraft:mined":{"minecraft:acacia_leaves":5,"minecraft:acacia_log":9,"minecraft:cobblestone":1,"minecraft:tall_grass":7,"minecraft:copper_ore":4,"minecraft:sugar_cane":14,"cobblemon:oran_berry":2,"minecraft:iron_ore":3,"minecraft:pumpkin":17,"minecraft:black_bed":2,"cobblemon:medicinal_leek":6,"minecraft:grass":33,"minecraft:coal_ore":19,"minecraft:stone":44,"minecraft:fern":2},"minecraft:crafted":{"minecraft:cooked_beef":3,"minecraft:crafting_table":1,"cobblemon:verdant_ball":8,"minecraft:cooked_chicken":5,"cobblemon:slate_ball":4,"minecraft:furnace":2,"minecraft:copper_ingot":11,"minecraft:stone_axe":1,"minecraft:cooked_mutton":11,"minecraft:air":0,"minecraft:stick":16,"minecraft:stone_pickaxe":1,"minecraft:acacia_planks":36},"minecraft:killed":{"minecraft:pig":10,"cobblemon:pokemon":1,"minecraft:spider":1,"minecraft:creeper":1,"minecraft:skeleton":1,"minecraft:sheep":7,"minecraft:zombie":3,"minecraft:chicken":3,"minecraft:cow":3},"minecraft:used":{"minecraft:cooked_mutton":6,"minecraft:stone_pickaxe":100,"minecraft:cooked_chicken":3,"minecraft:crafting_table":1,"cobblemon:black_apricorn_seed":1,"minecraft:acacia_sapling":2,"minecraft:black_bed":3,"minecraft:smoker":1,"cobblemon:green_apricorn_seed":1,"minecraft:stone_axe":81,"minecraft:cobblestone":1,"minecraft:bow":3,"minecraft:furnace":2,"minecraft:acacia_planks":2},"minecraft:killed_by":{"minecraft:player":2,"minecraft:creeper":1,"minecraft:zombie":1}},"DataVersion":3465}