{"stats":{"minecraft:custom":{"minecraft:mob_kills":51,"minecraft:interact_with_crafting_table":12,"minecraft:leave_game":1,"minecraft:time_since_death":17717,"minecraft:climb_one_cm":2215,"minecraft:sprint_one_cm":430539,"minecraft:walk_one_cm":629684,"minecraft:drop":28,"minecraft:damage_dealt_absorbed":40,"minecraft:play_time":189818,"minecraft:deaths":5,"minecraft:sneak_time":440,"minecraft:walk_under_water_one_cm":2159,"minecraft:jump":2752,"minecraft:interact_with_blast_furnace":1,"minecraft:walk_on_water_one_cm":11360,"minecraft:enchant_item":7,"minecraft:total_world_time":189818,"minecraft:interact_with_furnace":35,"minecraft:sleep_in_bed":16,"minecraft:time_since_rest":17819,"minecraft:damage_taken":2152,"minecraft:damage_dealt":6770,"minecraft:swim_one_cm":7010,"minecraft:fly_one_cm":624497,"minecraft:player_kills":1,"minecraft:open_chest":32,"minecraft:crouch_one_cm":724,"minecraft:interact_with_smoker":3,"minecraft:fall_one_cm":57951},"minecraft:picked_up":{"minecraft:iron_chestplate":2,"minecraft:black_carpet":1,"minecraft:chicken":3,"cobblemon:yellow_apricorn":11,"minecraft:diamond_sword":2,"minecraft:shield":1,"minecraft:string":7,"minecraft:raw_copper":31,"minecraft:flint_and_steel":1,"minecraft:iron_leggings":4,"minecraft:white_carpet":1,"cobblemon:green_apricorn":22,"minecraft:beef":7,"cobblemon:oran_berry":53,"minecraft:melon_slice":50,"minecraft:sugar_cane":28,"cobblemon:green_apricorn_seed":3,"minecraft:diamond_hoe":1,"minecraft:iron_boots":3,"minecraft:golden_helmet":1,"minecraft:raw_iron":15,"minecraft:stick":18,"minecraft:acacia_log":9,"minecraft:porkchop":39,"minecraft:rotten_flesh":9,"minecraft:arrow":9,"minecraft:diamond_chestplate":2,"minecraft:nether_bricks":72,"minecraft:mutton":20,"cobblemon:verdant_ball":11,"cobblemon:blue_apricorn":21,"minecraft:white_wool":8,"minecraft:cobblestone":105,"minecraft:feather":1,"minecraft:cooked_beef":102,"cobblemon:ultra_ball":64,"minecraft:andesite":52,"minecraft:black_bed":4,"minecraft:leather":2,"minecraft:flint":2,"cobblemon:slate_ball":3,"minecraft:golden_boots":1,"minecraft:gunpowder":12,"minecraft:dirt":80,"minecraft:cooked_mutton":5,"minecraft:red_carpet":1,"minecraft:bone":12,"minecraft:acacia_planks":74,"minecraft:bow":4,"minecraft:wheat_seeds":6,"cobblemon:black_apricorn":30,"minecraft:stone_pickaxe":3,"minecraft:diamond_helmet":1,"minecraft:rabbit":1,"minecraft:oak_planks":1,"minecraft:acacia_sapling":2,"cobblemon:chilan_berry":2,"cobblemon:azure_ball":1,"minecraft:pumpkin":51,"cobblemon:black_apricorn_seed":3,"cobblemon:blue_apricorn_seed":2,"cobblemon:cheri_berry":6,"minecraft:spider_eye":3,"minecraft:diamond_shovel":2,"minecraft:stone_axe":3,"cobblemon:poke_ball":7,"minecraft:iron_helmet":1,"minecraft:diamond_axe":2,"minecraft:painting":1,"cobblemon:medicinal_leek":16,"minecraft:oak_sapling":1,"minecraft:coal":81,"minecraft:crimson_roots":1,"minecraft:diamond_pickaxe":3},"minecraft:broken":{"minecraft:stone_pickaxe":1},"minecraft:dropped":{"minecraft:golden_boots":1,"minecraft:diamond_axe":1,"minecraft:cooked_beef":38,"minecraft:iron_helmet":1,"minecraft:dirt":33,"minecraft:diamond_helmet":1,"minecraft:iron_leggings":4,"cobblemon:ultra_ball":32,"minecraft:bone":3,"minecraft:diamond_hoe":1,"minecraft:iron_boots":2,"minecraft:diamond_shovel":2,"minecraft:diamond_sword":1,"minecraft:diamond_chestplate":1,"minecraft:diamond_pickaxe":3,"minecraft:iron_chestplate":3,"minecraft:painting":1},"minecraft:mined":{"minecraft:nether_bricks":73,"minecraft:acacia_log":9,"minecraft:grass_block":1,"minecraft:iron_ore":10,"minecraft:andesite":2,"minecraft:pumpkin":17,"cobblemon:medicinal_leek":6,"minecraft:stone":67,"minecraft:acacia_leaves":5,"minecraft:melon":9,"minecraft:cobblestone":1,"minecraft:copper_ore":8,"minecraft:tall_grass":7,"cobblemon:oran_berry":2,"minecraft:sugar_cane":14,"minecraft:black_bed":3,"minecraft:grass":43,"minecraft:coal_ore":21,"minecraft:fern":4},"minecraft:crafted":{"minecraft:cooked_chicken":5,"cobblemon:slate_ball":8,"minecraft:furnace":2,"minecraft:cooked_mutton":11,"minecraft:stone_pickaxe":2,"cobblemon:azure_ball":4,"minecraft:cooked_beef":3,"minecraft:cooked_porkchop":18,"minecraft:crafting_table":1,"cobblemon:verdant_ball":16,"minecraft:copper_ingot":11,"minecraft:stone_axe":1,"minecraft:air":0,"cobblemon:remedy":3,"minecraft:stick":16,"minecraft:acacia_planks":36},"minecraft:killed":{"minecraft:spider":4,"minecraft:skeleton":6,"minecraft:chicken":3,"minecraft:pig":14,"cobblemon:pokemon":1,"minecraft:creeper":5,"minecraft:sheep":8,"minecraft:zombie":5,"minecraft:villager":1,"minecraft:cow":3},"minecraft:used":{"minecraft:enchanting_table":1,"minecraft:flint_and_steel":1,"minecraft:black_carpet":21,"minecraft:cooked_chicken":3,"minecraft:white_carpet":19,"minecraft:acacia_sapling":2,"minecraft:bookshelf":20,"minecraft:villager_spawn_egg":5,"minecraft:grass_block":1,"minecraft:red_carpet":31,"minecraft:bow":3,"minecraft:furnace":2,"minecraft:acacia_planks":2,"minecraft:cooked_mutton":6,"minecraft:stone_pickaxe":213,"minecraft:oak_planks":1,"minecraft:cauldron":1,"minecraft:stonecutter":1,"minecraft:diamond_axe":3,"minecraft:crafting_table":1,"minecraft:blast_furnace":6,"cobblemon:black_apricorn_seed":2,"minecraft:black_bed":4,"minecraft:smoker":1,"cobblemon:green_apricorn_seed":3,"minecraft:melon_slice":9,"minecraft:stone_axe":118,"minecraft:diamond_sword":27,"minecraft:cobblestone":3,"minecraft:cooked_porkchop":7,"minecraft:porkchop":6,"minecraft:grindstone":1,"cobblemon:blue_apricorn_seed":2},"minecraft:killed_by":{"minecraft:player":2,"minecraft:creeper":1,"minecraft:zombie":1}},"DataVersion":3465}