{"stats":{"minecraft:custom":{"minecraft:time_since_rest":0,"minecraft:interact_with_furnace":15,"minecraft:sprint_one_cm":70010,"minecraft:damage_taken":598,"minecraft:walk_one_cm":180081,"minecraft:mob_kills":15,"minecraft:damage_dealt":1257,"minecraft:interact_with_crafting_table":3,"minecraft:fly_one_cm":74564,"minecraft:play_time":42576,"minecraft:deaths":2,"minecraft:sneak_time":13,"minecraft:walk_under_water_one_cm":1078,"minecraft:jump":593,"minecraft:walk_on_water_one_cm":2749,"minecraft:time_since_death":1837,"minecraft:sleep_in_bed":4,"minecraft:total_world_time":42576,"minecraft:fall_one_cm":11845},"minecraft:picked_up":{"minecraft:stick":14,"minecraft:raw_iron":3,"minecraft:chicken":3,"minecraft:feather":1,"minecraft:pumpkin":34,"minecraft:black_bed":2,"minecraft:leather":2,"cobblemon:black_apricorn_seed":2,"minecraft:acacia_log":9,"cobblemon:cheri_berry":6,"minecraft:acacia_planks":52,"minecraft:rotten_flesh":6,"minecraft:stone_axe":1,"cobblemon:poke_ball":7,"minecraft:wheat_seeds":2,"cobblemon:black_apricorn":14,"minecraft:beef":7,"minecraft:stone_pickaxe":2,"minecraft:mutton":8,"minecraft:coal":20,"minecraft:acacia_sapling":2,"minecraft:white_wool":6,"minecraft:cobblestone":80},"minecraft:mined":{"minecraft:acacia_leaves":5,"minecraft:iron_ore":1,"minecraft:pumpkin":17,"minecraft:black_bed":1,"minecraft:grass":14,"minecraft:acacia_log":9,"minecraft:coal_ore":8,"minecraft:tall_grass":7,"minecraft:cobblestone":1,"minecraft:stone":42},"minecraft:crafted":{"minecraft:crafting_table":1,"minecraft:stick":16,"minecraft:cooked_chicken":3,"minecraft:stone_pickaxe":1,"minecraft:furnace":2,"minecraft:acacia_planks":36,"minecraft:stone_axe":1,"minecraft:air":0},"minecraft:used":{"minecraft:stone_pickaxe":78,"minecraft:cooked_chicken":3,"minecraft:stone_axe":36,"minecraft:cobblestone":1,"minecraft:crafting_table":1,"minecraft:furnace":2,"minecraft:acacia_sapling":2,"minecraft:black_bed":2},"minecraft:killed":{"minecraft:sheep":6,"minecraft:zombie":1,"cobblemon:pokemon":1,"minecraft:chicken":3,"minecraft:cow":3},"minecraft:killed_by":{"minecraft:player":1,"minecraft:creeper":1}},"DataVersion":3465}