{"stats":{"minecraft:used":{"cobblemon:pc":1,"minecraft:sand":1,"minecraft:crafting_table":1,"minecraft:poppy":3,"minecraft:cactus":3},"minecraft:crafted":{"minecraft:crafting_table":1,"minecraft:stick":4,"minecraft:wooden_pickaxe":1,"minecraft:jungle_planks":32},"minecraft:picked_up":{"minecraft:cocoa_beans":3,"minecraft:stick":12,"cobblemon:ultra_ball":7,"minecraft:cactus":3,"minecraft:jungle_log":8,"minecraft:wheat_seeds":8,"minecraft:sand":1,"minecraft:poppy":3},"minecraft:mined":{"minecraft:grass":50,"minecraft:poppy":3,"minecraft:vine":3,"minecraft:jungle_log":8,"minecraft:dead_bush":17,"minecraft:sand":1,"minecraft:fire":1,"minecraft:fern":27},"minecraft:custom":{"minecraft:time_since_rest":5204,"minecraft:crouch_one_cm":18,"minecraft:damage_taken":80,"minecraft:play_time":15896,"minecraft:sprint_one_cm":34925,"minecraft:walk_one_cm":44614,"minecraft:sneak_time":95,"minecraft:walk_under_water_one_cm":3110,"minecraft:jump":272,"minecraft:walk_on_water_one_cm":1492,"minecraft:time_since_death":15896,"minecraft:sleep_in_bed":1,"minecraft:climb_one_cm":164,"minecraft:total_world_time":15896,"minecraft:swim_one_cm":4102,"minecraft:fall_one_cm":7706,"minecraft:interact_with_crafting_table":1,"minecraft:fly_one_cm":58712}},"DataVersion":3465}