{"stats":{"minecraft:custom":{"minecraft:time_since_rest":1510,"minecraft:sprint_one_cm":73825,"minecraft:damage_taken":320,"minecraft:walk_one_cm":102346,"minecraft:drop":34,"minecraft:damage_dealt":483,"minecraft:player_kills":1,"minecraft:swim_one_cm":526,"minecraft:interact_with_crafting_table":5,"minecraft:fly_one_cm":42805,"minecraft:crouch_one_cm":1272,"minecraft:play_time":29549,"minecraft:deaths":1,"minecraft:sneak_time":256,"minecraft:walk_under_water_one_cm":108,"minecraft:jump":382,"minecraft:walk_on_water_one_cm":462,"minecraft:time_since_death":16041,"minecraft:sleep_in_bed":1,"minecraft:total_world_time":29549,"minecraft:fall_one_cm":7202},"minecraft:picked_up":{"minecraft:stick":2,"minecraft:raw_iron":1,"minecraft:azure_bluet":1,"minecraft:dandelion":2,"minecraft:acacia_log":13,"minecraft:sand":1,"minecraft:dirt":7,"cobblemon:poke_ball":2,"minecraft:wheat_seeds":42,"minecraft:oak_sapling":8,"minecraft:sugar_cane":2,"minecraft:acacia_sapling":2,"minecraft:coal":31,"minecraft:cobblestone":11},"minecraft:dropped":{"minecraft:dirt":3,"minecraft:sugar_cane":2,"minecraft:wheat_seeds":25,"cobblemon:poke_ball":15,"minecraft:raw_iron":1,"minecraft:black_bed":1,"minecraft:sand":1,"minecraft:coal":2,"minecraft:dandelion":1},"minecraft:mined":{"minecraft:acacia_leaves":2,"minecraft:dandelion":3,"minecraft:azure_bluet":1,"minecraft:grass":291,"minecraft:acacia_log":13,"minecraft:grass_block":7,"minecraft:coal_ore":19,"minecraft:sand":2,"minecraft:tall_grass":51,"minecraft:stone":9,"minecraft:sugar_cane":1},"minecraft:crafted":{"minecraft:crafting_table":2,"minecraft:stick":8,"minecraft:wooden_pickaxe":1,"minecraft:stone_pickaxe":1,"minecraft:wooden_axe":1,"minecraft:acacia_planks":52,"minecraft:stone_axe":1},"minecraft:used":{"minecraft:wooden_axe":8,"minecraft:stone_pickaxe":53,"minecraft:wooden_pickaxe":9,"minecraft:stone_axe":19,"minecraft:dirt":4,"minecraft:bow":1,"minecraft:crafting_table":2,"minecraft:oak_sapling":8,"minecraft:black_bed":2,"minecraft:dandelion":1,"minecraft:azure_bluet":1}},"DataVersion":3465}