{"stats":{"minecraft:custom":{"minecraft:time_since_rest":5549,"minecraft:crouch_one_cm":210,"minecraft:play_time":5549,"minecraft:sprint_one_cm":29593,"minecraft:damage_taken":30,"minecraft:walk_one_cm":12173,"minecraft:sneak_time":47,"minecraft:drop":5,"minecraft:jump":87,"minecraft:time_since_death":5549,"minecraft:total_world_time":5549,"minecraft:interact_with_crafting_table":3,"minecraft:fly_one_cm":11411,"minecraft:fall_one_cm":1463},"minecraft:picked_up":{"minecraft:azure_bluet":1,"minecraft:acacia_log":13,"minecraft:wheat_seeds":17,"minecraft:sand":1,"minecraft:sugar_cane":2,"minecraft:dirt":7,"minecraft:cobblestone":7},"minecraft:dropped":{"minecraft:dirt":3,"minecraft:sugar_cane":2,"minecraft:sand":1,"minecraft:wheat_seeds":16},"minecraft:mined":{"minecraft:grass":115,"minecraft:acacia_log":13,"minecraft:grass_block":7,"minecraft:acacia_leaves":1,"minecraft:sand":2,"minecraft:tall_grass":30,"minecraft:stone":7,"minecraft:sugar_cane":1,"minecraft:azure_bluet":1},"minecraft:crafted":{"minecraft:acacia_planks":52,"minecraft:crafting_table":2,"minecraft:stick":4,"minecraft:wooden_pickaxe":1,"minecraft:wooden_axe":1},"minecraft:used":{"minecraft:wooden_axe":8,"minecraft:dirt":4,"minecraft:crafting_table":2,"minecraft:wooden_pickaxe":7,"minecraft:azure_bluet":1}},"DataVersion":3465}