{"stats":{"minecraft:custom":{"minecraft:interact_with_furnace":18,"minecraft:mob_kills":6,"minecraft:interact_with_crafting_table":10,"minecraft:open_barrel":7,"minecraft:time_since_death":4890,"minecraft:sleep_in_bed":9,"minecraft:climb_one_cm":3539,"minecraft:time_since_rest":4923,"minecraft:sprint_one_cm":365614,"minecraft:damage_taken":2143,"minecraft:walk_one_cm":398500,"minecraft:drop":65,"minecraft:damage_dealt":3456,"minecraft:swim_one_cm":5356,"minecraft:fly_one_cm":285457,"minecraft:player_kills":3,"minecraft:open_chest":10,"minecraft:crouch_one_cm":3698,"minecraft:play_time":131549,"minecraft:deaths":5,"minecraft:sneak_time":1520,"minecraft:walk_under_water_one_cm":3784,"minecraft:jump":1606,"minecraft:walk_on_water_one_cm":7438,"minecraft:interact_with_smoker":1,"minecraft:total_world_time":131549,"minecraft:fall_one_cm":33816},"minecraft:picked_up":{"minecraft:crafting_table":1,"minecraft:air":0,"minecraft:azure_bluet":1,"minecraft:cooked_beef":2,"minecraft:chicken":2,"minecraft:ladder":2,"minecraft:black_bed":1,"minecraft:wooden_pickaxe":1,"minecraft:oak_log":41,"minecraft:gunpowder":2,"minecraft:string":2,"minecraft:cornflower":1,"minecraft:dirt":54,"minecraft:bone":2,"minecraft:apple":1,"minecraft:bow":1,"minecraft:wheat_seeds":144,"minecraft:rabbit_hide":2,"minecraft:beef":3,"minecraft:stone_pickaxe":1,"cobblemon:relic_coin":1,"minecraft:glass_bottle":1,"minecraft:rabbit":2,"minecraft:poppy":1,"minecraft:sugar_cane":13,"minecraft:oak_planks":7,"minecraft:acacia_sapling":2,"minecraft:furnace":1,"minecraft:stick":8,"minecraft:raw_iron":1,"minecraft:oak_door":4,"minecraft:torch":36,"minecraft:acacia_log":13,"minecraft:dandelion":6,"minecraft:porkchop":6,"minecraft:sand":3,"cobblemon:dawn_stone":1,"minecraft:stone_sword":1,"minecraft:arrow":3,"minecraft:honey_bottle":1,"cobblemon:poke_ball":5,"cobblemon:verdant_ball":5,"sophisticatedbackpacks:copper_backpack":1,"minecraft:oak_sapling":19,"minecraft:black_wool":1,"minecraft:mutton":2,"minecraft:coal":155,"minecraft:white_wool":2,"minecraft:cobblestone":24},"minecraft:broken":{"minecraft:wooden_axe":1},"minecraft:dropped":{"minecraft:sugar_cane":2,"minecraft:wheat_seeds":52,"minecraft:raw_iron":1,"minecraft:oak_planks":125,"minecraft:black_bed":1,"cobblemon:verdant_ball":5,"minecraft:coal":2,"minecraft:dirt":3,"minecraft:torch":36,"cobblemon:poke_ball":15,"minecraft:oak_sapling":1,"minecraft:sand":1,"minecraft:stone_pickaxe":1,"minecraft:dandelion":1,"minecraft:bone":1},"minecraft:mined":{"minecraft:acacia_leaves":2,"minecraft:oak_door":1,"minecraft:dandelion":7,"minecraft:crafting_table":1,"minecraft:cornflower":1,"minecraft:ladder":2,"minecraft:acacia_log":13,"minecraft:grass_block":14,"minecraft:poppy":1,"minecraft:tall_grass":237,"minecraft:oak_planks":2,"minecraft:sugar_cane":4,"minecraft:furnace":1,"minecraft:black_bed":1,"minecraft:azure_bluet":1,"minecraft:grass":1014,"minecraft:coal_ore":19,"minecraft:oak_log":11,"minecraft:sand":4,"minecraft:dirt":9,"minecraft:stone":9,"minecraft:white_wool":1,"minecraft:oak_leaves":2},"minecraft:crafted":{"minecraft:cooked_beef":7,"minecraft:oak_door":3,"minecraft:oak_planks":164,"minecraft:crafting_table":4,"minecraft:wooden_pickaxe":1,"minecraft:stone_axe":1,"minecraft:cooked_mutton":3,"minecraft:air":0,"minecraft:glass":2,"minecraft:stick":8,"minecraft:stone_pickaxe":1,"minecraft:wooden_axe":1,"minecraft:acacia_planks":52},"minecraft:killed":{"minecraft:spider":1,"minecraft:creeper":1,"minecraft:sheep":2,"minecraft:zombie":1},"minecraft:used":{"minecraft:cooked_mutton":3,"minecraft:stone_sword":25,"minecraft:spruce_door":3,"minecraft:glass_bottle":1,"minecraft:stone_pickaxe":56,"sophisticatedbackpacks:copper_backpack":1,"minecraft:ladder":3,"minecraft:oak_planks":41,"minecraft:wooden_pickaxe":10,"minecraft:sugar_cane":9,"minecraft:oak_door":3,"minecraft:white_wool":1,"minecraft:dirt":81,"minecraft:crafting_table":11,"minecraft:black_bed":4,"minecraft:azure_bluet":1,"minecraft:honey_bottle":2,"minecraft:creeper_spawn_egg":3,"minecraft:glass":2,"minecraft:wooden_axe":42,"minecraft:cornflower":1,"minecraft:black_wool":1,"minecraft:apple":1,"minecraft:grass_block":22,"minecraft:barrel":4,"minecraft:bedrock":1,"minecraft:stone_axe":19,"minecraft:potion":1,"minecraft:bow":3,"minecraft:furnace":1,"minecraft:oak_sapling":11,"minecraft:porkchop":6,"minecraft:cooked_beef":7,"minecraft:dandelion":5},"minecraft:killed_by":{"minecraft:player":3,"minecraft:creeper":1}},"DataVersion":3465}