{"stats":{"minecraft:custom":{"minecraft:interact_with_furnace":18,"minecraft:mob_kills":8,"minecraft:interact_with_crafting_table":15,"minecraft:open_barrel":11,"minecraft:time_since_death":28890,"minecraft:sleep_in_bed":10,"minecraft:climb_one_cm":5848,"minecraft:time_since_rest":15701,"minecraft:sprint_one_cm":454076,"minecraft:damage_taken":2420,"minecraft:walk_one_cm":470157,"minecraft:drop":65,"minecraft:damage_dealt":4192,"minecraft:swim_one_cm":5356,"minecraft:fly_one_cm":392520,"minecraft:player_kills":4,"minecraft:open_chest":20,"minecraft:crouch_one_cm":3906,"minecraft:play_time":155549,"minecraft:deaths":5,"minecraft:sneak_time":1693,"minecraft:walk_under_water_one_cm":3784,"minecraft:jump":2054,"minecraft:walk_on_water_one_cm":7438,"minecraft:interact_with_smoker":1,"minecraft:total_world_time":155549,"minecraft:fall_one_cm":48225},"minecraft:picked_up":{"minecraft:andesite":25,"minecraft:feather":2,"minecraft:crafting_table":1,"minecraft:air":0,"minecraft:azure_bluet":1,"minecraft:cooked_beef":2,"minecraft:chicken":3,"minecraft:ladder":2,"minecraft:brown_wool":5,"minecraft:black_bed":1,"minecraft:wooden_pickaxe":1,"minecraft:oak_log":41,"minecraft:gunpowder":2,"minecraft:string":2,"minecraft:cornflower":1,"minecraft:dirt":56,"minecraft:bone":2,"minecraft:apple":6,"minecraft:bow":1,"minecraft:wheat_seeds":152,"minecraft:rabbit_hide":2,"minecraft:beef":3,"minecraft:stone_pickaxe":1,"cobblemon:relic_coin":1,"minecraft:glass_bottle":1,"minecraft:rabbit":2,"minecraft:poppy":1,"minecraft:sugar_cane":13,"minecraft:oak_planks":7,"minecraft:acacia_sapling":2,"minecraft:furnace":1,"cobblemon:chilan_berry":1,"minecraft:cooked_porkchop":2,"minecraft:stick":11,"minecraft:raw_iron":7,"minecraft:oak_door":4,"minecraft:torch":36,"minecraft:acacia_log":13,"minecraft:dandelion":6,"minecraft:porkchop":6,"minecraft:sand":3,"minecraft:white_bed":1,"cobblemon:dawn_stone":1,"minecraft:stone_sword":1,"minecraft:arrow":3,"minecraft:honey_bottle":1,"cobblemon:poke_ball":5,"cobblemon:verdant_ball":5,"sophisticatedbackpacks:copper_backpack":1,"minecraft:oak_sapling":22,"minecraft:black_wool":1,"minecraft:mutton":2,"minecraft:coal":165,"minecraft:white_wool":2,"minecraft:cobblestone":72},"minecraft:broken":{"minecraft:wooden_axe":1},"minecraft:dropped":{"minecraft:sugar_cane":2,"minecraft:wheat_seeds":52,"minecraft:raw_iron":1,"minecraft:oak_planks":125,"minecraft:black_bed":1,"cobblemon:verdant_ball":5,"minecraft:coal":2,"minecraft:dirt":3,"minecraft:torch":36,"cobblemon:poke_ball":15,"minecraft:oak_sapling":1,"minecraft:sand":1,"minecraft:stone_pickaxe":1,"minecraft:dandelion":1,"minecraft:bone":1},"minecraft:mined":{"minecraft:white_bed":1,"minecraft:acacia_leaves":2,"minecraft:oak_door":1,"minecraft:dandelion":7,"minecraft:crafting_table":1,"minecraft:cornflower":1,"minecraft:ladder":2,"minecraft:acacia_log":13,"minecraft:grass_block":15,"minecraft:poppy":1,"minecraft:brown_wool":5,"minecraft:tall_grass":246,"minecraft:oak_planks":2,"minecraft:sugar_cane":4,"minecraft:furnace":1,"minecraft:iron_ore":6,"minecraft:andesite":25,"minecraft:black_bed":1,"minecraft:azure_bluet":1,"minecraft:grass":1104,"minecraft:coal_ore":29,"minecraft:oak_log":11,"minecraft:sand":4,"minecraft:dirt":10,"minecraft:stone":57,"minecraft:white_wool":1,"minecraft:oak_leaves":4},"minecraft:crafted":{"minecraft:cooked_beef":7,"minecraft:oak_door":3,"minecraft:oak_planks":164,"minecraft:crafting_table":4,"minecraft:wooden_pickaxe":1,"minecraft:stone_axe":1,"minecraft:cooked_mutton":3,"minecraft:air":0,"minecraft:glass":2,"minecraft:stick":8,"minecraft:stone_pickaxe":2,"minecraft:wooden_axe":1,"minecraft:white_bed":3,"minecraft:acacia_planks":52,"minecraft:torch":8},"minecraft:killed":{"cobblemon:pokemon":2,"minecraft:spider":1,"minecraft:creeper":1,"minecraft:sheep":2,"minecraft:zombie":1},"minecraft:used":{"minecraft:cooked_mutton":3,"minecraft:stone_sword":45,"minecraft:spruce_door":3,"minecraft:glass_bottle":1,"minecraft:stone_pickaxe":145,"sophisticatedbackpacks:copper_backpack":1,"minecraft:ladder":3,"minecraft:oak_planks":41,"minecraft:wooden_pickaxe":10,"minecraft:sugar_cane":9,"minecraft:torch":3,"minecraft:oak_door":3,"minecraft:white_wool":1,"minecraft:dirt":82,"minecraft:crafting_table":11,"minecraft:white_bed":4,"minecraft:black_bed":4,"minecraft:azure_bluet":1,"minecraft:honey_bottle":2,"minecraft:creeper_spawn_egg":3,"minecraft:glass":2,"minecraft:wooden_axe":42,"minecraft:cornflower":1,"minecraft:black_wool":1,"minecraft:apple":6,"minecraft:chicken":1,"minecraft:grass_block":22,"minecraft:brown_wool":5,"minecraft:barrel":4,"minecraft:bedrock":1,"minecraft:stone_axe":19,"minecraft:potion":1,"minecraft:bow":3,"minecraft:cooked_porkchop":1,"minecraft:furnace":1,"minecraft:oak_sapling":13,"minecraft:porkchop":6,"minecraft:cooked_beef":7,"minecraft:dandelion":5},"minecraft:killed_by":{"minecraft:player":3,"minecraft:creeper":1}},"DataVersion":3465}