{"stats":{"minecraft:used":{"minecraft:poppy":3,"minecraft:cactus":3,"cobblemon:display_case":4,"cobblemon:pc":2,"minecraft:golden_apple":2,"minecraft:sand":5,"cobblemon:relic_coin_pouch":3,"minecraft:crafting_table":1,"cobblemon:healing_machine":1},"minecraft:crafted":{"minecraft:crafting_table":1,"minecraft:stick":4,"minecraft:wooden_pickaxe":1,"minecraft:jungle_planks":32},"minecraft:picked_up":{"minecraft:cocoa_beans":3,"minecraft:stick":12,"cobblemon:ultra_ball":7,"minecraft:jungle_log":8,"minecraft:sand":5,"minecraft:cactus":3,"minecraft:wheat_seeds":8,"minecraft:poppy":3},"minecraft:dropped":{"minecraft:sand":5},"minecraft:mined":{"minecraft:fire":1,"minecraft:grass":50,"minecraft:poppy":3,"minecraft:vine":3,"minecraft:jungle_log":8,"minecraft:dead_bush":17,"minecraft:sand":1,"minecraft:fern":27},"minecraft:custom":{"minecraft:time_since_rest":17204,"minecraft:sprint_one_cm":47511,"minecraft:walk_one_cm":80848,"minecraft:damage_taken":90,"minecraft:drop":2,"minecraft:damage_dealt":10,"minecraft:interact_with_crafting_table":1,"minecraft:swim_one_cm":7160,"minecraft:fly_one_cm":133622,"minecraft:open_chest":1,"minecraft:crouch_one_cm":265,"minecraft:play_time":27896,"minecraft:sneak_time":329,"minecraft:bell_ring":1,"minecraft:walk_under_water_one_cm":5390,"minecraft:jump":403,"minecraft:time_since_death":27896,"minecraft:walk_on_water_one_cm":3103,"minecraft:sleep_in_bed":1,"minecraft:total_world_time":27896,"minecraft:climb_one_cm":667,"minecraft:fall_one_cm":8041}},"DataVersion":3465}