{"stats":{"minecraft:custom":{"minecraft:interact_with_furnace":9,"minecraft:mob_kills":2,"minecraft:interact_with_crafting_table":8,"minecraft:open_barrel":1,"minecraft:time_since_death":58041,"minecraft:sleep_in_bed":4,"minecraft:climb_one_cm":2453,"minecraft:time_since_rest":9247,"minecraft:sprint_one_cm":210827,"minecraft:damage_taken":850,"minecraft:walk_one_cm":218060,"minecraft:drop":53,"minecraft:damage_dealt":1279,"minecraft:swim_one_cm":5356,"minecraft:fly_one_cm":143152,"minecraft:player_kills":1,"minecraft:open_chest":7,"minecraft:crouch_one_cm":1347,"minecraft:play_time":71549,"minecraft:deaths":1,"minecraft:sneak_time":536,"minecraft:walk_under_water_one_cm":3513,"minecraft:jump":942,"minecraft:walk_on_water_one_cm":4942,"minecraft:interact_with_smoker":1,"minecraft:total_world_time":71549,"minecraft:fall_one_cm":19744},"minecraft:picked_up":{"minecraft:air":0,"minecraft:azure_bluet":1,"minecraft:chicken":1,"minecraft:ladder":2,"minecraft:oak_log":6,"minecraft:cornflower":1,"minecraft:dirt":21,"minecraft:apple":1,"minecraft:wheat_seeds":96,"minecraft:rabbit_hide":1,"minecraft:beef":3,"minecraft:rabbit":1,"minecraft:poppy":1,"minecraft:sugar_cane":2,"minecraft:oak_planks":2,"minecraft:acacia_sapling":2,"minecraft:furnace":1,"minecraft:stick":5,"minecraft:raw_iron":1,"minecraft:oak_door":1,"minecraft:acacia_log":13,"minecraft:dandelion":6,"minecraft:porkchop":6,"minecraft:sand":1,"minecraft:honey_bottle":1,"cobblemon:poke_ball":2,"minecraft:oak_sapling":11,"minecraft:black_wool":1,"minecraft:mutton":2,"minecraft:coal":93,"minecraft:white_wool":2,"minecraft:cobblestone":11},"minecraft:dropped":{"minecraft:sugar_cane":2,"minecraft:wheat_seeds":47,"minecraft:raw_iron":1,"minecraft:black_bed":1,"minecraft:coal":2,"minecraft:dirt":3,"cobblemon:poke_ball":15,"minecraft:sand":1,"minecraft:dandelion":1},"minecraft:mined":{"minecraft:acacia_leaves":2,"minecraft:dandelion":7,"minecraft:cornflower":1,"minecraft:ladder":2,"minecraft:acacia_log":13,"minecraft:grass_block":12,"minecraft:poppy":1,"minecraft:tall_grass":153,"minecraft:oak_planks":2,"minecraft:sugar_cane":1,"minecraft:furnace":1,"minecraft:azure_bluet":1,"minecraft:grass":745,"minecraft:coal_ore":19,"minecraft:oak_log":6,"minecraft:sand":2,"minecraft:dirt":9,"minecraft:stone":9,"minecraft:white_wool":1},"minecraft:crafted":{"minecraft:cooked_beef":7,"minecraft:oak_door":3,"minecraft:oak_planks":24,"minecraft:crafting_table":2,"minecraft:wooden_pickaxe":1,"minecraft:stone_axe":1,"minecraft:cooked_mutton":3,"minecraft:air":0,"minecraft:stick":8,"minecraft:stone_pickaxe":1,"minecraft:wooden_axe":1,"minecraft:acacia_planks":52},"minecraft:killed":{"minecraft:sheep":2},"minecraft:used":{"minecraft:cooked_mutton":3,"minecraft:glass_bottle":1,"minecraft:stone_pickaxe":53,"minecraft:ladder":2,"minecraft:oak_planks":18,"minecraft:wooden_pickaxe":10,"minecraft:oak_door":1,"minecraft:white_wool":1,"minecraft:dirt":8,"minecraft:crafting_table":2,"minecraft:black_bed":3,"minecraft:azure_bluet":1,"minecraft:honey_bottle":2,"minecraft:wooden_axe":8,"minecraft:cornflower":1,"minecraft:black_wool":1,"minecraft:apple":1,"minecraft:barrel":4,"minecraft:bedrock":1,"minecraft:stone_axe":19,"minecraft:potion":1,"minecraft:bow":1,"minecraft:furnace":1,"minecraft:oak_sapling":9,"minecraft:porkchop":6,"minecraft:cooked_beef":5,"minecraft:dandelion":5}},"DataVersion":3465}