{"stats":{"minecraft:custom":{"minecraft:mob_kills":8,"minecraft:interact_with_anvil":3,"minecraft:interact_with_crafting_table":16,"minecraft:open_barrel":11,"minecraft:time_since_death":5120,"minecraft:climb_one_cm":6062,"minecraft:sprint_one_cm":460330,"minecraft:walk_one_cm":495909,"minecraft:drop":65,"minecraft:play_time":166924,"minecraft:deaths":6,"minecraft:sneak_time":2367,"minecraft:walk_under_water_one_cm":3821,"minecraft:jump":2128,"minecraft:walk_on_water_one_cm":12287,"minecraft:total_world_time":166924,"minecraft:interact_with_furnace":18,"minecraft:sleep_in_bed":11,"minecraft:time_since_rest":6652,"minecraft:damage_taken":2525,"minecraft:damage_dealt":4192,"minecraft:swim_one_cm":5356,"minecraft:fly_one_cm":413498,"minecraft:player_kills":4,"minecraft:open_chest":20,"minecraft:crouch_one_cm":4770,"minecraft:interact_with_smoker":1,"minecraft:fall_one_cm":52007},"minecraft:picked_up":{"minecraft:crafting_table":1,"minecraft:iron_chestplate":1,"minecraft:azure_bluet":1,"minecraft:chicken":3,"minecraft:ladder":2,"minecraft:wooden_pickaxe":1,"minecraft:cornflower":1,"minecraft:string":2,"minecraft:raw_copper":13,"minecraft:beef":3,"cobblemon:relic_coin":1,"minecraft:poppy":1,"minecraft:sugar_cane":13,"minecraft:furnace":1,"minecraft:stick":11,"minecraft:raw_iron":11,"minecraft:oak_door":4,"minecraft:torch":36,"minecraft:acacia_log":13,"minecraft:porkchop":6,"cobblemon:dawn_stone":1,"minecraft:stone_sword":1,"minecraft:arrow":3,"minecraft:honey_bottle":1,"sophisticatedbackpacks:copper_backpack":1,"minecraft:mutton":2,"cobblemon:verdant_ball":5,"minecraft:white_wool":2,"minecraft:cobblestone":80,"minecraft:air":0,"minecraft:feather":2,"minecraft:cooked_beef":2,"minecraft:andesite":25,"minecraft:black_bed":1,"minecraft:brown_wool":5,"minecraft:oak_log":41,"minecraft:gunpowder":2,"minecraft:dirt":56,"minecraft:bone":2,"minecraft:apple":6,"minecraft:bow":1,"minecraft:wheat_seeds":152,"minecraft:rabbit_hide":2,"minecraft:stone_pickaxe":1,"minecraft:glass_bottle":1,"minecraft:rabbit":2,"minecraft:oak_planks":7,"minecraft:acacia_sapling":2,"cobblemon:chilan_berry":1,"minecraft:cooked_porkchop":2,"minecraft:dandelion":6,"minecraft:sand":3,"minecraft:white_bed":1,"cobblemon:poke_ball":5,"minecraft:oak_sapling":22,"minecraft:black_wool":1,"minecraft:coal":179},"minecraft:broken":{"minecraft:wooden_axe":1},"minecraft:dropped":{"minecraft:wheat_seeds":52,"minecraft:black_bed":1,"cobblemon:verdant_ball":5,"minecraft:coal":2,"minecraft:dirt":3,"minecraft:torch":36,"cobblemon:poke_ball":15,"minecraft:sand":1,"minecraft:dandelion":1,"minecraft:bone":1,"minecraft:sugar_cane":2,"minecraft:raw_iron":1,"minecraft:oak_planks":125,"minecraft:oak_sapling":1,"minecraft:stone_pickaxe":1},"minecraft:mined":{"minecraft:white_bed":1,"minecraft:oak_door":1,"minecraft:ladder":2,"minecraft:acacia_log":13,"minecraft:grass_block":15,"minecraft:brown_wool":5,"minecraft:furnace":1,"minecraft:iron_ore":10,"minecraft:andesite":25,"minecraft:azure_bluet":1,"minecraft:stone":65,"minecraft:white_wool":1,"minecraft:acacia_leaves":2,"minecraft:dandelion":7,"minecraft:crafting_table":1,"minecraft:cornflower":1,"minecraft:poppy":1,"minecraft:tall_grass":246,"minecraft:copper_ore":4,"minecraft:sugar_cane":4,"minecraft:oak_planks":2,"minecraft:black_bed":1,"minecraft:grass":1106,"minecraft:oak_log":11,"minecraft:coal_ore":43,"minecraft:sand":4,"minecraft:dirt":10,"minecraft:oak_leaves":4},"minecraft:crafted":{"minecraft:oak_door":3,"minecraft:oak_planks":164,"minecraft:cooked_mutton":3,"minecraft:glass":2,"minecraft:stone_pickaxe":2,"minecraft:cooked_beef":7,"minecraft:crafting_table":4,"minecraft:wooden_pickaxe":1,"minecraft:stone_axe":1,"minecraft:air":0,"minecraft:stick":8,"minecraft:wooden_axe":1,"minecraft:white_bed":3,"minecraft:acacia_planks":52,"minecraft:torch":8},"minecraft:killed":{"minecraft:spider":1,"cobblemon:pokemon":2,"minecraft:creeper":1,"minecraft:sheep":2,"minecraft:zombie":1},"minecraft:used":{"minecraft:oak_fence":32,"minecraft:stone_sword":45,"sophisticatedbackpacks:copper_backpack":1,"minecraft:ladder":3,"minecraft:oak_door":3,"minecraft:torch":6,"minecraft:dirt":82,"minecraft:anvil":1,"minecraft:azure_bluet":1,"minecraft:honey_bottle":2,"minecraft:glass":2,"minecraft:wooden_axe":42,"minecraft:grass_block":22,"minecraft:barrel":4,"cobblemon:pc":1,"minecraft:bedrock":1,"minecraft:bow":4,"minecraft:furnace":1,"minecraft:oak_sapling":13,"minecraft:cooked_beef":7,"minecraft:cooked_mutton":3,"minecraft:spruce_door":3,"minecraft:glass_bottle":1,"minecraft:stone_pickaxe":175,"minecraft:oak_planks":136,"minecraft:wooden_pickaxe":10,"minecraft:sugar_cane":9,"minecraft:white_wool":1,"minecraft:crafting_table":11,"minecraft:white_bed":4,"minecraft:black_bed":4,"minecraft:creeper_spawn_egg":3,"minecraft:cornflower":1,"minecraft:black_wool":1,"minecraft:apple":6,"minecraft:chicken":1,"minecraft:brown_wool":5,"minecraft:stone_axe":19,"minecraft:potion":1,"minecraft:cooked_porkchop":1,"minecraft:porkchop":6,"minecraft:dandelion":5},"minecraft:killed_by":{"minecraft:player":3,"minecraft:creeper":1,"minecraft:skeleton":1}},"DataVersion":3465}