{"stats":{"minecraft:crafted":{"minecraft:oak_planks":16,"minecraft:crafting_table":1,"minecraft:wooden_pickaxe":1},"minecraft:picked_up":{"minecraft:stick":2,"minecraft:wheat_seeds":1,"minecraft:oak_log":4,"cobblemon:medicinal_leek":6},"minecraft:used":{"minecraft:crafting_table":1,"cobblemon:medicinal_leek":5},"minecraft:dropped":{"minecraft:wheat_seeds":1},"minecraft:custom":{"minecraft:time_since_rest":5693,"minecraft:play_time":5693,"minecraft:sprint_one_cm":11325,"minecraft:damage_taken":200,"minecraft:walk_one_cm":11505,"minecraft:sneak_time":20,"minecraft:walk_under_water_one_cm":1383,"minecraft:drop":1,"minecraft:jump":121,"minecraft:damage_dealt":10,"minecraft:time_since_death":5693,"minecraft:walk_on_water_one_cm":1229,"minecraft:total_world_time":5693,"minecraft:swim_one_cm":4012,"minecraft:interact_with_crafting_table":1,"minecraft:fall_one_cm":4892,"minecraft:fly_one_cm":11551},"minecraft:mined":{"minecraft:grass":8,"minecraft:oak_log":4,"minecraft:fern":3,"minecraft:oak_leaves":2,"cobblemon:medicinal_leek":5}},"DataVersion":3465}