{"stats":{"minecraft:custom":{"minecraft:interact_with_furnace":9,"minecraft:mob_kills":2,"minecraft:interact_with_crafting_table":6,"minecraft:time_since_death":46041,"minecraft:sleep_in_bed":1,"minecraft:climb_one_cm":2453,"minecraft:time_since_rest":31510,"minecraft:sprint_one_cm":174011,"minecraft:damage_taken":650,"minecraft:walk_one_cm":201273,"minecraft:drop":46,"minecraft:damage_dealt":1269,"minecraft:swim_one_cm":4157,"minecraft:fly_one_cm":116409,"minecraft:player_kills":1,"minecraft:open_chest":3,"minecraft:crouch_one_cm":1285,"minecraft:play_time":59549,"minecraft:deaths":1,"minecraft:sneak_time":363,"minecraft:walk_under_water_one_cm":2559,"minecraft:jump":831,"minecraft:walk_on_water_one_cm":3850,"minecraft:interact_with_smoker":1,"minecraft:total_world_time":59549,"minecraft:fall_one_cm":16153},"minecraft:picked_up":{"minecraft:air":0,"minecraft:azure_bluet":1,"minecraft:ladder":2,"minecraft:oak_log":6,"minecraft:cornflower":1,"minecraft:dirt":11,"minecraft:apple":1,"minecraft:wheat_seeds":89,"minecraft:beef":3,"minecraft:poppy":1,"minecraft:sugar_cane":2,"minecraft:oak_planks":1,"minecraft:acacia_sapling":2,"minecraft:stick":5,"minecraft:raw_iron":1,"minecraft:acacia_log":13,"minecraft:dandelion":6,"minecraft:porkchop":6,"minecraft:sand":1,"minecraft:honey_bottle":1,"cobblemon:poke_ball":2,"minecraft:oak_sapling":11,"minecraft:black_wool":1,"minecraft:mutton":2,"minecraft:coal":31,"minecraft:white_wool":2,"minecraft:cobblestone":11},"minecraft:dropped":{"minecraft:sugar_cane":2,"minecraft:wheat_seeds":40,"minecraft:raw_iron":1,"minecraft:black_bed":1,"minecraft:coal":2,"minecraft:dirt":3,"cobblemon:poke_ball":15,"minecraft:sand":1,"minecraft:dandelion":1},"minecraft:mined":{"minecraft:acacia_leaves":2,"minecraft:dandelion":7,"minecraft:cornflower":1,"minecraft:ladder":2,"minecraft:acacia_log":13,"minecraft:grass_block":8,"minecraft:poppy":1,"minecraft:tall_grass":150,"minecraft:oak_planks":1,"minecraft:sugar_cane":1,"minecraft:azure_bluet":1,"minecraft:grass":693,"minecraft:coal_ore":19,"minecraft:oak_log":6,"minecraft:sand":2,"minecraft:dirt":4,"minecraft:stone":9,"minecraft:white_wool":1},"minecraft:crafted":{"minecraft:cooked_beef":7,"minecraft:oak_planks":24,"minecraft:crafting_table":2,"minecraft:wooden_pickaxe":1,"minecraft:stone_axe":1,"minecraft:cooked_mutton":3,"minecraft:air":0,"minecraft:stick":8,"minecraft:stone_pickaxe":1,"minecraft:wooden_axe":1,"minecraft:acacia_planks":52},"minecraft:killed":{"minecraft:sheep":2},"minecraft:used":{"minecraft:cooked_mutton":3,"minecraft:glass_bottle":1,"minecraft:stone_pickaxe":53,"minecraft:ladder":2,"minecraft:oak_planks":17,"minecraft:wooden_pickaxe":9,"minecraft:white_wool":1,"minecraft:dirt":8,"minecraft:crafting_table":2,"minecraft:black_bed":2,"minecraft:azure_bluet":1,"minecraft:honey_bottle":2,"minecraft:wooden_axe":8,"minecraft:cornflower":1,"minecraft:black_wool":1,"minecraft:apple":1,"minecraft:stone_axe":19,"minecraft:potion":1,"minecraft:bow":1,"minecraft:oak_sapling":9,"minecraft:porkchop":6,"minecraft:cooked_beef":2,"minecraft:dandelion":5}},"DataVersion":3465}