{"stats":{"minecraft:crafted":{"minecraft:oak_planks":16,"minecraft:crafting_table":1,"minecraft:wooden_pickaxe":1},"minecraft:picked_up":{"minecraft:stick":2,"cobblemon:ultra_ball":1,"minecraft:wheat_seeds":19,"minecraft:oak_log":4,"minecraft:bamboo":31,"cobblemon:medicinal_leek":6,"cobblemon:blue_apricorn":1},"minecraft:used":{"minecraft:bamboo":14,"minecraft:crafting_table":1,"cobblemon:medicinal_leek":5,"minecraft:oak_planks":3,"cobblemon:restoration_tank":1,"cobblemon:pasture":1},"minecraft:dropped":{"minecraft:bamboo":17,"minecraft:wheat_seeds":15},"minecraft:custom":{"minecraft:crouch_one_cm":361,"minecraft:time_since_rest":17693,"minecraft:play_time":17693,"minecraft:sprint_one_cm":28786,"minecraft:damage_taken":220,"minecraft:walk_one_cm":44867,"minecraft:sneak_time":340,"minecraft:walk_under_water_one_cm":6650,"minecraft:drop":16,"minecraft:jump":200,"minecraft:damage_dealt":10,"minecraft:time_since_death":17693,"minecraft:walk_on_water_one_cm":5910,"minecraft:climb_one_cm":358,"minecraft:total_world_time":17693,"minecraft:swim_one_cm":10180,"minecraft:interact_with_crafting_table":1,"minecraft:fall_one_cm":5923,"minecraft:fly_one_cm":112561},"minecraft:mined":{"minecraft:tall_seagrass":7,"minecraft:seagrass":3,"minecraft:grass":108,"minecraft:oak_log":4,"minecraft:bamboo":3,"minecraft:fern":35,"minecraft:oak_leaves":2,"cobblemon:medicinal_leek":5}},"DataVersion":3465}