{"stats":{"minecraft:used":{"minecraft:cooked_mutton":4,"minecraft:flint_and_steel":27,"minecraft:poppy":3,"minecraft:cactus":3,"quark:red_corundum":32,"cobblemon:display_case":4,"cobblemon:leek_and_potato_stew":2,"minecraft:fire_charge":9,"minecraft:bow":13,"minecraft:white_wool":1,"cobblemon:pc":4,"minecraft:golden_apple":3,"minecraft:sand":5,"cobblemon:relic_coin_pouch":3,"minecraft:crafting_table":1,"cobblemon:medicinal_leek":23,"minecraft:tuff":1,"minecraft:obsidian":82,"cobblemon:healing_machine":1},"minecraft:crafted":{"minecraft:crafting_table":1,"minecraft:stick":4,"minecraft:wooden_pickaxe":1,"minecraft:jungle_planks":32},"minecraft:picked_up":{"minecraft:cocoa_beans":3,"minecraft:stick":12,"cobblemon:ultra_ball":7,"minecraft:jungle_log":8,"minecraft:sand":5,"minecraft:cooked_mutton":2,"minecraft:arrow":2,"minecraft:bone":1,"minecraft:cactus":3,"minecraft:wheat_seeds":8,"minecraft:poppy":3,"minecraft:white_wool":1},"minecraft:dropped":{"minecraft:arrow":2,"minecraft:sand":5,"minecraft:bone":1},"minecraft:mined":{"minecraft:fire":1,"minecraft:grass":50,"minecraft:poppy":3,"minecraft:vine":3,"minecraft:jungle_log":8,"minecraft:dead_bush":17,"minecraft:sand":1,"minecraft:fern":27},"minecraft:custom":{"minecraft:time_since_rest":53204,"minecraft:sprint_one_cm":73071,"minecraft:walk_one_cm":126692,"minecraft:damage_taken":90,"minecraft:mob_kills":1,"minecraft:drop":5,"minecraft:damage_dealt":59,"minecraft:interact_with_crafting_table":1,"minecraft:swim_one_cm":121455,"minecraft:fly_one_cm":408603,"minecraft:open_chest":3,"minecraft:crouch_one_cm":1431,"minecraft:play_time":63896,"minecraft:sneak_time":1625,"minecraft:bell_ring":1,"minecraft:walk_under_water_one_cm":42770,"minecraft:jump":685,"minecraft:time_since_death":63896,"minecraft:walk_on_water_one_cm":9189,"minecraft:sleep_in_bed":1,"minecraft:total_world_time":63896,"minecraft:climb_one_cm":714,"minecraft:fall_one_cm":8041},"minecraft:killed":{"minecraft:sheep":1}},"DataVersion":3465}