{"stats":{"minecraft:used":{"minecraft:flint_and_steel":14,"minecraft:poppy":3,"minecraft:cactus":3,"cobblemon:display_case":4,"cobblemon:pc":3,"minecraft:golden_apple":2,"minecraft:sand":5,"cobblemon:relic_coin_pouch":3,"minecraft:crafting_table":1,"cobblemon:medicinal_leek":14,"cobblemon:healing_machine":1},"minecraft:crafted":{"minecraft:crafting_table":1,"minecraft:stick":4,"minecraft:wooden_pickaxe":1,"minecraft:jungle_planks":32},"minecraft:picked_up":{"minecraft:cocoa_beans":3,"minecraft:stick":12,"cobblemon:ultra_ball":7,"minecraft:jungle_log":8,"minecraft:sand":5,"minecraft:arrow":2,"minecraft:bone":1,"minecraft:cactus":3,"minecraft:wheat_seeds":8,"minecraft:poppy":3},"minecraft:dropped":{"minecraft:arrow":2,"minecraft:sand":5,"minecraft:bone":1},"minecraft:mined":{"minecraft:fire":1,"minecraft:grass":50,"minecraft:poppy":3,"minecraft:vine":3,"minecraft:jungle_log":8,"minecraft:dead_bush":17,"minecraft:sand":1,"minecraft:fern":27},"minecraft:custom":{"minecraft:time_since_rest":29204,"minecraft:sprint_one_cm":54627,"minecraft:walk_one_cm":101655,"minecraft:damage_taken":90,"minecraft:drop":5,"minecraft:damage_dealt":29,"minecraft:interact_with_crafting_table":1,"minecraft:swim_one_cm":92996,"minecraft:fly_one_cm":185405,"minecraft:open_chest":1,"minecraft:crouch_one_cm":301,"minecraft:play_time":39896,"minecraft:sneak_time":485,"minecraft:bell_ring":1,"minecraft:walk_under_water_one_cm":17624,"minecraft:jump":489,"minecraft:time_since_death":39896,"minecraft:walk_on_water_one_cm":5503,"minecraft:sleep_in_bed":1,"minecraft:total_world_time":39896,"minecraft:climb_one_cm":714,"minecraft:fall_one_cm":8041}},"DataVersion":3465}