{"stats":{"minecraft:custom":{"minecraft:mob_kills":9,"minecraft:interact_with_anvil":4,"minecraft:interact_with_crafting_table":16,"minecraft:open_barrel":12,"minecraft:leave_game":2,"minecraft:time_since_death":15607,"minecraft:climb_one_cm":6544,"minecraft:sprint_one_cm":549220,"minecraft:walk_one_cm":610823,"minecraft:drop":77,"minecraft:play_time":210103,"minecraft:deaths":9,"minecraft:sneak_time":3677,"minecraft:walk_under_water_one_cm":17435,"minecraft:jump":2467,"minecraft:walk_on_water_one_cm":83819,"minecraft:total_world_time":210103,"minecraft:interact_with_furnace":18,"minecraft:sleep_in_bed":11,"minecraft:time_since_rest":15645,"minecraft:damage_absorbed":40,"minecraft:damage_taken":3231,"minecraft:damage_dealt":4491,"minecraft:swim_one_cm":5356,"minecraft:fly_one_cm":874382,"minecraft:player_kills":4,"minecraft:open_chest":21,"minecraft:crouch_one_cm":5449,"minecraft:interact_with_smoker":1,"minecraft:fall_one_cm":59226},"minecraft:picked_up":{"minecraft:iron_chestplate":3,"minecraft:crafting_table":1,"minecraft:azure_bluet":1,"minecraft:chicken":3,"minecraft:ladder":2,"minecraft:diamond_sword":3,"minecraft:wooden_pickaxe":1,"minecraft:cornflower":1,"minecraft:string":66,"minecraft:raw_copper":13,"minecraft:iron_axe":2,"minecraft:netherite_scrap":6,"minecraft:iron_leggings":2,"minecraft:beef":3,"cobblemon:relic_coin":1,"minecraft:ender_eye":11,"minecraft:poppy":1,"minecraft:iron_pickaxe":1,"minecraft:sugar_cane":13,"minecraft:diamond_hoe":2,"minecraft:iron_boots":1,"minecraft:furnace":1,"minecraft:end_stone":1,"minecraft:stick":11,"minecraft:raw_iron":11,"minecraft:oak_door":4,"minecraft:torch":36,"minecraft:acacia_log":13,"minecraft:spruce_fence":2,"minecraft:porkchop":6,"minecraft:carrot":128,"cobblemon:dawn_stone":1,"minecraft:stone_sword":1,"minecraft:arrow":257,"minecraft:honey_bottle":1,"minecraft:rotten_flesh":128,"sophisticatedbackpacks:copper_backpack":1,"minecraft:netherite_chestplate":1,"minecraft:mutton":2,"cobblemon:verdant_ball":5,"minecraft:white_wool":2,"minecraft:cobblestone":80,"minecraft:netherite_boots":1,"minecraft:air":0,"minecraft:feather":2,"minecraft:cooked_beef":40,"cobblemon:ultra_ball":224,"minecraft:golden_carrot":6,"minecraft:crimson_stem":2,"minecraft:water_bucket":1,"minecraft:andesite":25,"minecraft:black_bed":1,"minecraft:brown_wool":5,"minecraft:ice":5,"minecraft:oak_log":233,"minecraft:golden_boots":2,"minecraft:nether_wart_block":1,"minecraft:gunpowder":2,"minecraft:netherite_leggings":1,"minecraft:lapis_lazuli":64,"minecraft:wooden_hoe":1,"minecraft:dirt":202,"minecraft:bone":5,"minecraft:apple":6,"minecraft:bow":2,"minecraft:wheat_seeds":155,"minecraft:rabbit_hide":2,"minecraft:iron_ingot":384,"minecraft:stone_pickaxe":1,"minecraft:dark_oak_sign":1,"minecraft:stripped_oak_wood":124,"minecraft:diamond_helmet":2,"minecraft:rabbit":2,"minecraft:glass_bottle":1,"minecraft:oak_planks":7,"minecraft:acacia_sapling":2,"sophisticatedbackpacks:diamond_backpack":1,"cobblemon:chilan_berry":1,"minecraft:cooked_porkchop":2,"minecraft:dandelion":6,"minecraft:sand":3,"minecraft:spruce_sapling":3,"minecraft:white_bed":1,"minecraft:diamond_shovel":2,"cobblemon:poke_ball":5,"minecraft:netherite_helmet":1,"minecraft:iron_helmet":2,"minecraft:painting":1,"minecraft:bone_meal":96,"minecraft:golden_apple":37,"minecraft:oak_sapling":22,"minecraft:black_wool":1,"minecraft:coal":307,"minecraft:ender_pearl":16,"minecraft:diamond_pickaxe":2},"minecraft:broken":{"minecraft:wooden_axe":1},"minecraft:dropped":{"minecraft:wheat_seeds":53,"minecraft:netherite_chestplate":1,"minecraft:netherite_helmet":1,"minecraft:black_bed":1,"cobblemon:verdant_ball":5,"minecraft:coal":2,"minecraft:golden_apple":6,"minecraft:dirt":3,"minecraft:torch":36,"cobblemon:poke_ball":15,"minecraft:netherite_boots":1,"minecraft:sand":1,"minecraft:dandelion":1,"minecraft:bone":1,"minecraft:sugar_cane":2,"minecraft:raw_iron":1,"minecraft:oak_planks":125,"minecraft:netherite_leggings":1,"minecraft:diamond_sword":1,"minecraft:oak_sapling":1,"minecraft:stone_pickaxe":1},"minecraft:mined":{"minecraft:white_bed":1,"minecraft:oak_door":1,"minecraft:ladder":2,"minecraft:acacia_log":13,"minecraft:grass_block":15,"minecraft:brown_wool":5,"minecraft:crimson_roots":3,"minecraft:crimson_stem":2,"minecraft:furnace":1,"minecraft:iron_ore":10,"minecraft:andesite":25,"minecraft:azure_bluet":1,"minecraft:stone":65,"minecraft:white_wool":1,"minecraft:acacia_leaves":2,"minecraft:dandelion":7,"minecraft:crafting_table":1,"minecraft:cornflower":1,"minecraft:poppy":1,"minecraft:tall_grass":246,"minecraft:copper_ore":4,"minecraft:sugar_cane":4,"minecraft:oak_planks":2,"minecraft:black_bed":1,"minecraft:grass":1115,"minecraft:oak_log":11,"minecraft:coal_ore":43,"minecraft:sand":4,"minecraft:dirt":10,"minecraft:oak_leaves":4},"minecraft:crafted":{"minecraft:oak_door":3,"minecraft:oak_planks":164,"minecraft:cooked_mutton":3,"minecraft:glass":2,"minecraft:stone_pickaxe":2,"minecraft:cooked_beef":7,"minecraft:crafting_table":4,"minecraft:wooden_pickaxe":1,"minecraft:stone_axe":1,"minecraft:air":0,"minecraft:stick":8,"minecraft:wooden_axe":1,"minecraft:white_bed":3,"minecraft:acacia_planks":52,"minecraft:torch":8},"minecraft:killed":{"minecraft:spider":1,"cobblemon:pokemon":2,"minecraft:creeper":2,"minecraft:sheep":2,"minecraft:zombie":1},"minecraft:used":{"minecraft:oak_fence":96,"minecraft:stone_sword":45,"minecraft:flint_and_steel":1,"sophisticatedbackpacks:copper_backpack":1,"minecraft:ladder":3,"minecraft:black_carpet":19,"minecraft:oak_door":3,"minecraft:torch":155,"minecraft:dirt":86,"minecraft:anvil":1,"minecraft:white_carpet":18,"minecraft:spruce_stairs":24,"minecraft:azure_bluet":1,"minecraft:obsidian":14,"minecraft:honey_bottle":2,"minecraft:glass":2,"minecraft:wooden_axe":42,"minecraft:lava_bucket":107,"minecraft:villager_spawn_egg":19,"minecraft:iron_axe":13,"minecraft:grass_block":26,"minecraft:oak_stairs":7,"minecraft:barrel":4,"cobblemon:pc":1,"minecraft:bedrock":1,"minecraft:red_carpet":19,"minecraft:bow":14,"minecraft:oak_sapling":13,"minecraft:furnace":1,"minecraft:cooked_beef":7,"minecraft:cooked_mutton":3,"minecraft:water_bucket":2,"minecraft:spruce_door":3,"minecraft:glass_bottle":1,"minecraft:stone_pickaxe":175,"minecraft:dark_oak_sign":1,"minecraft:oak_planks":148,"minecraft:wooden_pickaxe":10,"minecraft:sugar_cane":9,"minecraft:white_wool":1,"minecraft:golden_apple":1,"minecraft:crafting_table":11,"minecraft:white_bed":4,"minecraft:black_bed":4,"minecraft:creeper_spawn_egg":3,"minecraft:oak_log":3,"quark:stripped_spruce_post":3,"minecraft:ender_eye":45,"minecraft:black_wool":1,"minecraft:cornflower":1,"minecraft:apple":6,"minecraft:chicken":1,"minecraft:brown_wool":5,"minecraft:stone_axe":19,"minecraft:diamond_sword":5,"minecraft:potion":1,"minecraft:porkchop":6,"minecraft:stripped_oak_wood":4,"minecraft:cooked_porkchop":1,"minecraft:bucket":2,"minecraft:dandelion":5},"minecraft:killed_by":{"minecraft:player":4,"minecraft:creeper":1,"minecraft:skeleton":1}},"DataVersion":3465}