{"stats":{"minecraft:used":{"minecraft:cooked_mutton":4,"minecraft:ender_eye":39,"minecraft:lava_bucket":16,"minecraft:villager_spawn_egg":31,"minecraft:flint_and_steel":34,"minecraft:grass_block":3,"minecraft:poppy":3,"minecraft:cactus":3,"quark:red_corundum":32,"cobblemon:display_case":4,"cobblemon:leek_and_potato_stew":2,"minecraft:bamboo":138,"minecraft:fire_charge":9,"minecraft:bow":19,"minecraft:white_wool":1,"cobblemon:pc":4,"minecraft:golden_apple":3,"minecraft:sand":5,"cobblemon:relic_coin_pouch":3,"minecraft:crafting_table":1,"cobblemon:medicinal_leek":23,"minecraft:end_portal_frame":50,"minecraft:tuff":1,"minecraft:obsidian":82,"cobblemon:healing_machine":1},"minecraft:crafted":{"minecraft:crafting_table":1,"minecraft:stick":4,"minecraft:wooden_pickaxe":1,"minecraft:jungle_planks":32},"minecraft:picked_up":{"minecraft:cocoa_beans":3,"minecraft:stick":12,"cobblemon:ultra_ball":7,"minecraft:jungle_log":8,"minecraft:sand":5,"minecraft:cooked_mutton":2,"minecraft:arrow":2,"minecraft:bone":1,"minecraft:cactus":3,"minecraft:wheat_seeds":8,"minecraft:poppy":3,"minecraft:bamboo":36,"minecraft:white_wool":1},"minecraft:dropped":{"minecraft:arrow":2,"minecraft:sand":5,"minecraft:bone":1},"minecraft:mined":{"minecraft:fire":1,"minecraft:grass":50,"minecraft:poppy":3,"minecraft:vine":3,"minecraft:jungle_log":8,"minecraft:dead_bush":17,"minecraft:sand":1,"minecraft:fern":27},"minecraft:custom":{"minecraft:time_since_rest":63080,"minecraft:sprint_one_cm":74311,"minecraft:walk_one_cm":135752,"minecraft:damage_taken":90,"minecraft:mob_kills":2,"minecraft:drop":5,"minecraft:damage_dealt":69,"minecraft:talked_to_villager":8,"minecraft:interact_with_crafting_table":1,"minecraft:swim_one_cm":121455,"minecraft:fly_one_cm":470823,"minecraft:open_chest":3,"minecraft:crouch_one_cm":1634,"minecraft:play_time":73772,"minecraft:sneak_time":1907,"minecraft:bell_ring":1,"minecraft:walk_under_water_one_cm":43964,"minecraft:jump":711,"minecraft:leave_game":1,"minecraft:time_since_death":73772,"minecraft:walk_on_water_one_cm":9537,"minecraft:sleep_in_bed":1,"minecraft:total_world_time":73772,"minecraft:climb_one_cm":976,"minecraft:fall_one_cm":8041},"minecraft:killed":{"minecraft:sheep":1}},"DataVersion":3465}