{"stats":{"minecraft:crafted":{"minecraft:oak_planks":16,"minecraft:crafting_table":1,"minecraft:wooden_pickaxe":1},"minecraft:picked_up":{"minecraft:stick":2,"cobblemon:ultra_ball":1,"minecraft:oak_log":4,"minecraft:wheat_seeds":19,"cobblemon:medicinal_leek":6,"minecraft:bamboo":31,"cobblemon:blue_apricorn":1},"minecraft:used":{"minecraft:grass_block":8,"minecraft:oak_planks":3,"cobblemon:pc":1,"minecraft:bamboo":14,"cobblemon:pasture":1,"minecraft:sand":24,"minecraft:crafting_table":1,"cobblemon:medicinal_leek":5,"cobblemon:restoration_tank":1},"minecraft:dropped":{"minecraft:wheat_seeds":15,"minecraft:bamboo":17},"minecraft:custom":{"minecraft:time_since_rest":1202,"minecraft:sprint_one_cm":34169,"minecraft:walk_one_cm":69587,"minecraft:damage_taken":220,"minecraft:drop":16,"minecraft:damage_dealt":48,"minecraft:interact_with_crafting_table":1,"minecraft:swim_one_cm":10180,"minecraft:fly_one_cm":144580,"minecraft:crouch_one_cm":423,"minecraft:play_time":27557,"minecraft:deaths":1,"minecraft:sneak_time":488,"minecraft:walk_under_water_one_cm":13636,"minecraft:jump":246,"minecraft:leave_game":1,"minecraft:walk_on_water_one_cm":6312,"minecraft:time_since_death":1156,"minecraft:total_world_time":27557,"minecraft:climb_one_cm":358,"minecraft:fall_one_cm":5923},"minecraft:mined":{"minecraft:seagrass":3,"minecraft:tall_seagrass":7,"cobblemon:medicinal_leek":5,"minecraft:grass":108,"minecraft:oak_log":4,"minecraft:bamboo":3,"minecraft:oak_leaves":2,"minecraft:fern":35}},"DataVersion":3465}