{"stats":{"minecraft:custom":{"minecraft:interact_with_furnace":5,"minecraft:mob_kills":2,"minecraft:interact_with_crafting_table":6,"minecraft:time_since_death":34041,"minecraft:sleep_in_bed":1,"minecraft:climb_one_cm":2453,"minecraft:time_since_rest":19510,"minecraft:sprint_one_cm":114978,"minecraft:damage_taken":520,"minecraft:walk_one_cm":179239,"minecraft:drop":46,"minecraft:damage_dealt":1195,"minecraft:swim_one_cm":3340,"minecraft:fly_one_cm":76935,"minecraft:player_kills":1,"minecraft:crouch_one_cm":1285,"minecraft:play_time":47549,"minecraft:deaths":1,"minecraft:sneak_time":354,"minecraft:walk_under_water_one_cm":2280,"minecraft:jump":659,"minecraft:walk_on_water_one_cm":3253,"minecraft:interact_with_smoker":1,"minecraft:total_world_time":47549,"minecraft:fall_one_cm":13018},"minecraft:picked_up":{"minecraft:air":0,"minecraft:azure_bluet":1,"minecraft:ladder":2,"minecraft:oak_log":6,"minecraft:cornflower":1,"minecraft:dirt":7,"minecraft:wheat_seeds":70,"minecraft:beef":3,"minecraft:sugar_cane":2,"minecraft:acacia_sapling":2,"minecraft:stick":2,"minecraft:raw_iron":1,"minecraft:acacia_log":13,"minecraft:dandelion":6,"minecraft:porkchop":6,"minecraft:sand":1,"cobblemon:poke_ball":2,"minecraft:oak_sapling":8,"minecraft:black_wool":1,"minecraft:mutton":2,"minecraft:coal":31,"minecraft:white_wool":2,"minecraft:cobblestone":11},"minecraft:dropped":{"minecraft:sugar_cane":2,"minecraft:wheat_seeds":40,"minecraft:raw_iron":1,"minecraft:black_bed":1,"minecraft:coal":2,"minecraft:dirt":3,"cobblemon:poke_ball":15,"minecraft:sand":1,"minecraft:dandelion":1},"minecraft:mined":{"minecraft:acacia_leaves":2,"minecraft:dandelion":7,"minecraft:cornflower":1,"minecraft:ladder":2,"minecraft:acacia_log":13,"minecraft:grass_block":7,"minecraft:tall_grass":100,"minecraft:sugar_cane":1,"minecraft:azure_bluet":1,"minecraft:grass":496,"minecraft:coal_ore":19,"minecraft:oak_log":6,"minecraft:sand":2,"minecraft:stone":9,"minecraft:white_wool":1},"minecraft:crafted":{"minecraft:oak_planks":24,"minecraft:crafting_table":2,"minecraft:wooden_pickaxe":1,"minecraft:stone_axe":1,"minecraft:cooked_mutton":3,"minecraft:air":0,"minecraft:stick":8,"minecraft:stone_pickaxe":1,"minecraft:wooden_axe":1,"minecraft:acacia_planks":52},"minecraft:killed":{"minecraft:sheep":2},"minecraft:used":{"minecraft:cooked_mutton":1,"minecraft:stone_pickaxe":53,"minecraft:ladder":2,"minecraft:oak_planks":10,"minecraft:wooden_pickaxe":9,"minecraft:white_wool":1,"minecraft:dirt":4,"minecraft:crafting_table":2,"minecraft:black_bed":2,"minecraft:azure_bluet":1,"minecraft:wooden_axe":8,"minecraft:cornflower":1,"minecraft:black_wool":1,"minecraft:stone_axe":19,"minecraft:bow":1,"minecraft:oak_sapling":8,"minecraft:porkchop":6,"minecraft:dandelion":5}},"DataVersion":3465}