{"stats":{"minecraft:custom":{"minecraft:time_since_rest":4077,"minecraft:sprint_one_cm":63107,"minecraft:damage_taken":300,"minecraft:walk_one_cm":53715,"minecraft:drop":14,"minecraft:damage_dealt":265,"minecraft:swim_one_cm":526,"minecraft:interact_with_crafting_table":5,"minecraft:fly_one_cm":33198,"minecraft:crouch_one_cm":276,"minecraft:play_time":17549,"minecraft:deaths":1,"minecraft:sneak_time":74,"minecraft:walk_under_water_one_cm":108,"minecraft:jump":286,"minecraft:walk_on_water_one_cm":213,"minecraft:time_since_death":4041,"minecraft:total_world_time":17549,"minecraft:fall_one_cm":5890},"minecraft:picked_up":{"minecraft:stick":2,"minecraft:azure_bluet":1,"minecraft:dandelion":1,"minecraft:acacia_log":13,"minecraft:sand":1,"minecraft:dirt":7,"minecraft:wheat_seeds":41,"minecraft:oak_sapling":8,"minecraft:sugar_cane":2,"minecraft:acacia_sapling":2,"minecraft:coal":29,"minecraft:cobblestone":11},"minecraft:dropped":{"minecraft:dirt":3,"minecraft:sugar_cane":2,"minecraft:wheat_seeds":24,"minecraft:sand":1,"minecraft:dandelion":1},"minecraft:mined":{"minecraft:acacia_leaves":2,"minecraft:dandelion":1,"minecraft:azure_bluet":1,"minecraft:grass":268,"minecraft:acacia_log":13,"minecraft:grass_block":7,"minecraft:coal_ore":19,"minecraft:sand":2,"minecraft:tall_grass":48,"minecraft:stone":9,"minecraft:sugar_cane":1},"minecraft:crafted":{"minecraft:crafting_table":2,"minecraft:stick":8,"minecraft:wooden_pickaxe":1,"minecraft:stone_pickaxe":1,"minecraft:wooden_axe":1,"minecraft:acacia_planks":52,"minecraft:stone_axe":1},"minecraft:used":{"minecraft:wooden_axe":8,"minecraft:stone_pickaxe":53,"minecraft:wooden_pickaxe":9,"minecraft:stone_axe":19,"minecraft:dirt":4,"minecraft:bow":1,"minecraft:crafting_table":2,"minecraft:oak_sapling":8,"minecraft:azure_bluet":1}},"DataVersion":3465}