{"stats":{"minecraft:custom":{"minecraft:interact_with_furnace":19,"minecraft:mob_kills":21,"minecraft:interact_with_crafting_table":18,"minecraft:bell_ring":1,"minecraft:time_since_death":13884,"minecraft:sleep_in_bed":9,"minecraft:climb_one_cm":222,"minecraft:time_since_rest":0,"minecraft:sprint_one_cm":154223,"minecraft:damage_taken":940,"minecraft:walk_one_cm":392862,"minecraft:drop":9,"minecraft:damage_dealt":2614,"minecraft:swim_one_cm":15155,"minecraft:fly_one_cm":329976,"minecraft:open_chest":18,"minecraft:crouch_one_cm":7863,"minecraft:play_time":93724,"minecraft:deaths":2,"minecraft:sneak_time":2270,"minecraft:walk_under_water_one_cm":2734,"minecraft:jump":1585,"minecraft:walk_on_water_one_cm":6720,"minecraft:interact_with_smoker":3,"minecraft:total_world_time":93724,"minecraft:fall_one_cm":37125},"minecraft:picked_up":{"minecraft:feather":3,"minecraft:chicken":3,"minecraft:black_bed":4,"minecraft:leather":2,"minecraft:smoker":1,"minecraft:oak_log":104,"minecraft:gunpowder":5,"minecraft:dirt":317,"minecraft:raw_copper":52,"minecraft:bone":2,"minecraft:acacia_planks":28,"minecraft:apple":1,"minecraft:bow":3,"minecraft:wheat_seeds":31,"minecraft:beef":7,"minecraft:stone_pickaxe":3,"cobblemon:relic_coin":31,"minecraft:poppy":1,"minecraft:sugar_cane":3,"minecraft:oak_planks":145,"minecraft:egg":1,"cobblemon:chilan_berry":3,"minecraft:stick":21,"minecraft:pumpkin":17,"minecraft:torch":36,"cobblemon:cheri_berry":25,"minecraft:porkchop":14,"minecraft:sand":1,"cobblemon:rawst_berry":4,"minecraft:diorite":1,"minecraft:arrow":1,"minecraft:rotten_flesh":12,"minecraft:stone_axe":1,"cobblemon:poke_ball":6,"cobblemon:medicinal_leek":3,"minecraft:oak_sapling":8,"cobblemon:verdant_ball":4,"minecraft:mutton":13,"cobblemon:blue_apricorn":4,"minecraft:coal":178,"minecraft:white_wool":10,"minecraft:cobblestone":135},"minecraft:dropped":{"minecraft:stone_axe":1,"minecraft:porkchop":6,"minecraft:cobblestone":2,"minecraft:mutton":9,"minecraft:pumpkin":17,"minecraft:bow":1,"minecraft:acacia_planks":28},"minecraft:broken":{"minecraft:stone_pickaxe":2,"minecraft:stone_axe":1,"minecraft:stone_shovel":2},"minecraft:mined":{"minecraft:smoker":1,"minecraft:grass_block":259,"minecraft:copper_ore":15,"minecraft:tall_grass":12,"minecraft:oak_planks":19,"minecraft:sugar_cane":3,"minecraft:diorite":1,"minecraft:black_bed":4,"minecraft:grass":155,"minecraft:coal_ore":190,"minecraft:oak_log":105,"minecraft:dirt":31,"minecraft:stone":116,"minecraft:oak_leaves":52},"minecraft:crafted":{"minecraft:oak_door":3,"minecraft:oak_planks":268,"minecraft:stone_shovel":2,"minecraft:cooked_porkchop":8,"minecraft:crafting_table":3,"minecraft:wooden_pickaxe":1,"minecraft:cooked_chicken":1,"minecraft:furnace":2,"minecraft:stone_axe":2,"minecraft:air":0,"minecraft:stick":48,"quark:oak_chest":2,"minecraft:stone_pickaxe":4,"minecraft:stone_sword":1,"minecraft:torch":96},"minecraft:killed":{"minecraft:pig":5,"minecraft:creeper":2,"minecraft:sheep":4,"minecraft:skeleton":2,"minecraft:zombie":6,"minecraft:chicken":2},"minecraft:used":{"minecraft:stone_sword":70,"minecraft:stone_shovel":268,"minecraft:stone_pickaxe":336,"minecraft:oak_planks":343,"minecraft:wooden_pickaxe":5,"minecraft:sugar_cane":3,"minecraft:cooked_chicken":1,"minecraft:oak_door":1,"minecraft:torch":33,"minecraft:dirt":317,"minecraft:crafting_table":3,"minecraft:black_bed":4,"minecraft:oak_log":1,"minecraft:stone_axe":118,"minecraft:cobblestone":5,"minecraft:furnace":2,"minecraft:oak_sapling":3,"minecraft:cooked_porkchop":8,"quark:oak_chest":2},"minecraft:killed_by":{"minecraft:player":1,"minecraft:zombie":1}},"DataVersion":3465}