{"stats":{"minecraft:custom":{"minecraft:time_since_rest":15724,"minecraft:crouch_one_cm":3022,"minecraft:play_time":15724,"minecraft:sprint_one_cm":16695,"minecraft:damage_taken":20,"minecraft:walk_one_cm":76135,"minecraft:sneak_time":1000,"minecraft:walk_under_water_one_cm":267,"minecraft:mob_kills":3,"minecraft:drop":2,"minecraft:jump":225,"minecraft:damage_dealt":464,"minecraft:walk_on_water_one_cm":413,"minecraft:time_since_death":15724,"minecraft:total_world_time":15724,"minecraft:interact_with_crafting_table":5,"minecraft:fall_one_cm":2748,"minecraft:fly_one_cm":19702},"minecraft:picked_up":{"minecraft:rotten_flesh":1,"minecraft:sand":1,"minecraft:oak_log":10,"minecraft:gunpowder":1,"minecraft:dirt":5,"minecraft:coal":67,"minecraft:cobblestone":39},"minecraft:dropped":{"minecraft:cobblestone":2},"minecraft:mined":{"minecraft:grass":2,"minecraft:grass_block":5,"minecraft:coal_ore":79,"minecraft:oak_log":10,"minecraft:stone":42},"minecraft:crafted":{"minecraft:stone_sword":1,"minecraft:oak_planks":40,"minecraft:torch":64,"minecraft:crafting_table":1,"minecraft:stick":36,"minecraft:wooden_pickaxe":1,"minecraft:stone_pickaxe":1},"minecraft:killed":{"minecraft:zombie":2,"minecraft:creeper":1},"minecraft:used":{"minecraft:torch":15,"minecraft:dirt":4,"minecraft:stone_sword":13,"minecraft:cobblestone":2,"minecraft:crafting_table":1,"minecraft:stone_pickaxe":118,"minecraft:oak_planks":1,"minecraft:wooden_pickaxe":3}},"DataVersion":3465}