{"stats":{"minecraft:custom":{"minecraft:interact_with_furnace":39,"minecraft:mob_kills":28,"minecraft:interact_with_crafting_table":39,"minecraft:bell_ring":1,"minecraft:time_since_death":73884,"minecraft:sleep_in_bed":12,"minecraft:climb_one_cm":222,"minecraft:time_since_rest":15701,"minecraft:sprint_one_cm":247150,"minecraft:damage_taken":1095,"minecraft:walk_one_cm":518052,"minecraft:drop":9,"minecraft:damage_dealt":3414,"minecraft:swim_one_cm":15155,"minecraft:fly_one_cm":436170,"minecraft:open_chest":69,"minecraft:crouch_one_cm":9896,"minecraft:play_time":153724,"minecraft:deaths":2,"minecraft:sneak_time":2950,"minecraft:walk_under_water_one_cm":2734,"minecraft:jump":2049,"minecraft:walk_on_water_one_cm":7815,"minecraft:interact_with_smoker":7,"minecraft:total_world_time":153724,"minecraft:fall_one_cm":49336},"minecraft:picked_up":{"minecraft:stripped_oak_log":25,"minecraft:feather":4,"minecraft:chicken":4,"minecraft:glow_ink_sac":3,"minecraft:black_bed":4,"minecraft:leather":2,"minecraft:smoker":1,"minecraft:oak_log":168,"minecraft:gunpowder":5,"minecraft:string":2,"minecraft:lapis_lazuli":50,"minecraft:dirt":328,"minecraft:raw_copper":80,"minecraft:bone":6,"minecraft:acacia_planks":28,"minecraft:apple":2,"minecraft:bow":3,"minecraft:wheat_seeds":32,"minecraft:rabbit_hide":1,"minecraft:beef":10,"minecraft:stone_pickaxe":3,"cobblemon:relic_coin":31,"minecraft:rabbit":1,"minecraft:poppy":1,"minecraft:sugar_cane":3,"minecraft:oak_planks":166,"minecraft:egg":1,"cobblemon:chilan_berry":3,"minecraft:raw_iron":12,"minecraft:stick":32,"minecraft:pumpkin":17,"minecraft:torch":38,"cobblemon:cheri_berry":31,"minecraft:porkchop":26,"minecraft:sand":1,"cobblemon:rawst_berry":4,"minecraft:diorite":1,"minecraft:arrow":4,"minecraft:rotten_flesh":12,"minecraft:stone_axe":1,"cobblemon:poke_ball":6,"minecraft:granite":3,"cobblemon:medicinal_leek":3,"minecraft:oak_sapling":21,"cobblemon:verdant_ball":7,"minecraft:mutton":17,"cobblemon:blue_apricorn":4,"minecraft:coal":210,"minecraft:white_wool":13,"minecraft:cobblestone":163},"minecraft:dropped":{"minecraft:stone_axe":1,"minecraft:porkchop":6,"minecraft:cobblestone":2,"minecraft:mutton":9,"minecraft:pumpkin":17,"minecraft:bow":1,"minecraft:acacia_planks":28},"minecraft:broken":{"minecraft:stone_pickaxe":3,"minecraft:stone_axe":2,"minecraft:stone_shovel":2},"minecraft:mined":{"minecraft:oak_sapling":1,"minecraft:smoker":1,"minecraft:granite":3,"minecraft:grass_block":268,"minecraft:copper_ore":23,"minecraft:tall_grass":12,"minecraft:lapis_ore":8,"minecraft:oak_planks":40,"minecraft:sugar_cane":3,"minecraft:diorite":1,"minecraft:wall_torch":2,"minecraft:iron_ore":12,"minecraft:black_bed":4,"minecraft:grass":162,"minecraft:coal_ore":222,"minecraft:oak_log":169,"minecraft:dirt":34,"minecraft:stripped_oak_log":25,"minecraft:stone":145,"minecraft:oak_leaves":175},"minecraft:crafted":{"minecraft:cooked_beef":9,"minecraft:oak_door":3,"minecraft:oak_slab":6,"minecraft:oak_planks":548,"minecraft:stone_shovel":2,"minecraft:cooked_porkchop":10,"minecraft:crafting_table":4,"minecraft:wooden_pickaxe":1,"minecraft:cooked_chicken":1,"minecraft:iron_sword":1,"minecraft:furnace":5,"minecraft:stone_axe":2,"minecraft:air":0,"minecraft:iron_axe":1,"minecraft:stick":60,"quark:oak_chest":14,"minecraft:iron_ingot":12,"minecraft:iron_pickaxe":1,"minecraft:stone_pickaxe":4,"minecraft:stone_sword":2,"minecraft:torch":96},"minecraft:killed":{"minecraft:pig":10,"minecraft:creeper":2,"minecraft:sheep":4,"minecraft:skeleton":3,"minecraft:zombie":6,"minecraft:chicken":2,"minecraft:cow":1},"minecraft:used":{"minecraft:stone_sword":74,"minecraft:stone_shovel":268,"minecraft:stone_pickaxe":429,"minecraft:oak_planks":410,"minecraft:wooden_pickaxe":5,"minecraft:sugar_cane":3,"minecraft:cooked_chicken":1,"minecraft:oak_door":1,"minecraft:torch":73,"minecraft:dirt":325,"minecraft:oak_slab":4,"minecraft:crafting_table":4,"minecraft:black_bed":4,"minecraft:oak_log":1,"minecraft:iron_axe":25,"minecraft:stone_axe":235,"minecraft:cobblestone":5,"minecraft:furnace":5,"minecraft:oak_sapling":16,"minecraft:cooked_porkchop":10,"quark:oak_chest":14,"minecraft:cooked_beef":3},"minecraft:killed_by":{"minecraft:player":1,"minecraft:zombie":1}},"DataVersion":3465}