{"stats":{"minecraft:custom":{"minecraft:interact_with_furnace":22,"minecraft:mob_kills":27,"minecraft:interact_with_crafting_table":26,"minecraft:bell_ring":1,"minecraft:time_since_death":37884,"minecraft:sleep_in_bed":10,"minecraft:climb_one_cm":222,"minecraft:time_since_rest":7942,"minecraft:sprint_one_cm":192910,"minecraft:damage_taken":940,"minecraft:walk_one_cm":447509,"minecraft:drop":9,"minecraft:damage_dealt":3214,"minecraft:swim_one_cm":15155,"minecraft:fly_one_cm":391940,"minecraft:open_chest":34,"minecraft:crouch_one_cm":7863,"minecraft:play_time":117724,"minecraft:deaths":2,"minecraft:sneak_time":2270,"minecraft:walk_under_water_one_cm":2734,"minecraft:jump":1839,"minecraft:walk_on_water_one_cm":6720,"minecraft:interact_with_smoker":7,"minecraft:total_world_time":117724,"minecraft:fall_one_cm":45595},"minecraft:picked_up":{"minecraft:feather":4,"minecraft:chicken":4,"minecraft:black_bed":4,"minecraft:leather":2,"minecraft:smoker":1,"minecraft:oak_log":162,"minecraft:gunpowder":5,"minecraft:dirt":323,"minecraft:raw_copper":52,"minecraft:bone":4,"minecraft:acacia_planks":28,"minecraft:apple":2,"minecraft:bow":3,"minecraft:wheat_seeds":32,"minecraft:rabbit_hide":1,"minecraft:beef":10,"minecraft:stone_pickaxe":3,"cobblemon:relic_coin":31,"minecraft:rabbit":1,"minecraft:poppy":1,"minecraft:sugar_cane":3,"minecraft:oak_planks":161,"minecraft:egg":1,"cobblemon:chilan_berry":3,"minecraft:stick":31,"minecraft:pumpkin":17,"minecraft:torch":36,"cobblemon:cheri_berry":31,"minecraft:porkchop":26,"minecraft:sand":1,"cobblemon:rawst_berry":4,"minecraft:diorite":1,"minecraft:arrow":2,"minecraft:rotten_flesh":12,"minecraft:stone_axe":1,"cobblemon:poke_ball":6,"cobblemon:medicinal_leek":3,"minecraft:oak_sapling":15,"cobblemon:verdant_ball":7,"minecraft:mutton":17,"cobblemon:blue_apricorn":4,"minecraft:coal":178,"minecraft:white_wool":13,"minecraft:cobblestone":135},"minecraft:dropped":{"minecraft:stone_axe":1,"minecraft:porkchop":6,"minecraft:cobblestone":2,"minecraft:mutton":9,"minecraft:pumpkin":17,"minecraft:bow":1,"minecraft:acacia_planks":28},"minecraft:broken":{"minecraft:stone_pickaxe":2,"minecraft:stone_axe":1,"minecraft:stone_shovel":2},"minecraft:mined":{"minecraft:smoker":1,"minecraft:grass_block":263,"minecraft:copper_ore":15,"minecraft:tall_grass":12,"minecraft:oak_planks":35,"minecraft:sugar_cane":3,"minecraft:diorite":1,"minecraft:black_bed":4,"minecraft:grass":162,"minecraft:coal_ore":190,"minecraft:oak_log":163,"minecraft:dirt":34,"minecraft:stone":116,"minecraft:oak_leaves":129},"minecraft:crafted":{"minecraft:oak_door":3,"minecraft:oak_planks":484,"minecraft:stone_shovel":2,"minecraft:cooked_porkchop":10,"minecraft:crafting_table":3,"minecraft:wooden_pickaxe":1,"minecraft:cooked_chicken":1,"minecraft:furnace":4,"minecraft:stone_axe":2,"minecraft:air":0,"minecraft:stick":48,"quark:oak_chest":12,"minecraft:stone_pickaxe":4,"minecraft:stone_sword":2,"minecraft:torch":96},"minecraft:killed":{"minecraft:pig":10,"minecraft:creeper":2,"minecraft:sheep":4,"minecraft:skeleton":2,"minecraft:zombie":6,"minecraft:chicken":2,"minecraft:cow":1},"minecraft:used":{"minecraft:stone_sword":70,"minecraft:stone_shovel":268,"minecraft:stone_pickaxe":336,"minecraft:oak_planks":410,"minecraft:wooden_pickaxe":5,"minecraft:sugar_cane":3,"minecraft:cooked_chicken":1,"minecraft:oak_door":1,"minecraft:torch":33,"minecraft:dirt":320,"minecraft:crafting_table":3,"minecraft:black_bed":4,"minecraft:oak_log":1,"minecraft:stone_axe":204,"minecraft:cobblestone":5,"minecraft:furnace":2,"minecraft:oak_sapling":4,"minecraft:cooked_porkchop":10,"quark:oak_chest":10},"minecraft:killed_by":{"minecraft:player":1,"minecraft:zombie":1}},"DataVersion":3465}