{"stats":{"minecraft:custom":{"minecraft:interact_with_furnace":8,"minecraft:mob_kills":17,"minecraft:interact_with_crafting_table":10,"minecraft:bell_ring":1,"minecraft:time_since_death":45724,"minecraft:sleep_in_bed":3,"minecraft:climb_one_cm":222,"minecraft:time_since_rest":1487,"minecraft:sprint_one_cm":63341,"minecraft:damage_taken":250,"minecraft:walk_one_cm":198120,"minecraft:drop":9,"minecraft:damage_dealt":1897,"minecraft:fly_one_cm":105086,"minecraft:crouch_one_cm":6857,"minecraft:play_time":45724,"minecraft:sneak_time":2058,"minecraft:walk_under_water_one_cm":1380,"minecraft:jump":734,"minecraft:walk_on_water_one_cm":4882,"minecraft:total_world_time":45724,"minecraft:fall_one_cm":14887},"minecraft:picked_up":{"minecraft:feather":3,"minecraft:chicken":3,"minecraft:black_bed":2,"minecraft:leather":2,"minecraft:smoker":1,"minecraft:oak_log":22,"minecraft:gunpowder":1,"minecraft:dirt":30,"minecraft:raw_copper":52,"minecraft:bone":1,"minecraft:acacia_planks":28,"minecraft:apple":1,"minecraft:bow":3,"minecraft:wheat_seeds":4,"minecraft:beef":7,"cobblemon:relic_coin":31,"minecraft:egg":1,"cobblemon:chilan_berry":3,"minecraft:stick":18,"minecraft:pumpkin":17,"minecraft:porkchop":14,"minecraft:sand":1,"cobblemon:rawst_berry":4,"minecraft:arrow":1,"minecraft:rotten_flesh":12,"minecraft:stone_axe":1,"cobblemon:poke_ball":6,"minecraft:oak_sapling":1,"minecraft:mutton":9,"minecraft:coal":149,"minecraft:white_wool":8,"minecraft:cobblestone":80},"minecraft:dropped":{"minecraft:stone_axe":1,"minecraft:porkchop":6,"minecraft:cobblestone":2,"minecraft:mutton":9,"minecraft:pumpkin":17,"minecraft:bow":1,"minecraft:acacia_planks":28},"minecraft:broken":{"minecraft:stone_pickaxe":1},"minecraft:mined":{"minecraft:smoker":1,"minecraft:grass_block":5,"minecraft:copper_ore":15,"minecraft:tall_grass":3,"minecraft:black_bed":2,"minecraft:grass":15,"minecraft:coal_ore":161,"minecraft:oak_log":22,"minecraft:dirt":8,"minecraft:stone":61,"minecraft:oak_leaves":26},"minecraft:crafted":{"minecraft:oak_planks":80,"minecraft:cooked_porkchop":3,"minecraft:crafting_table":1,"minecraft:wooden_pickaxe":1,"minecraft:cooked_chicken":1,"minecraft:furnace":2,"minecraft:stone_axe":1,"minecraft:air":0,"minecraft:stick":36,"minecraft:stone_pickaxe":2,"minecraft:stone_sword":1,"minecraft:torch":64},"minecraft:killed":{"minecraft:pig":5,"minecraft:creeper":1,"minecraft:sheep":2,"minecraft:skeleton":2,"minecraft:zombie":5,"minecraft:chicken":2},"minecraft:used":{"minecraft:stone_sword":53,"minecraft:stone_pickaxe":234,"minecraft:oak_planks":33,"minecraft:wooden_pickaxe":5,"minecraft:torch":28,"minecraft:dirt":12,"minecraft:crafting_table":1,"minecraft:black_bed":2,"minecraft:stone_axe":16,"minecraft:cobblestone":2,"minecraft:furnace":2,"minecraft:oak_sapling":1,"minecraft:cooked_porkchop":3}},"DataVersion":3465}