{"stats":{"minecraft:custom":{"minecraft:interact_with_furnace":41,"minecraft:mob_kills":31,"minecraft:interact_with_crafting_table":40,"minecraft:bell_ring":1,"minecraft:leave_game":1,"minecraft:time_since_death":85085,"minecraft:sleep_in_bed":12,"minecraft:climb_one_cm":222,"minecraft:time_since_rest":26902,"minecraft:sprint_one_cm":253773,"minecraft:damage_taken":1145,"minecraft:walk_one_cm":565758,"minecraft:drop":11,"minecraft:damage_dealt":3674,"minecraft:swim_one_cm":15155,"minecraft:fly_one_cm":441255,"minecraft:open_chest":88,"minecraft:crouch_one_cm":9896,"minecraft:play_time":164925,"minecraft:deaths":2,"minecraft:sneak_time":2950,"minecraft:walk_under_water_one_cm":2734,"minecraft:jump":2080,"minecraft:walk_on_water_one_cm":7815,"minecraft:total_world_time":164925,"minecraft:interact_with_smoker":7,"minecraft:fall_one_cm":49547},"minecraft:picked_up":{"minecraft:stripped_oak_log":34,"minecraft:feather":4,"minecraft:chicken":4,"minecraft:glow_ink_sac":3,"minecraft:black_bed":4,"minecraft:leather":2,"minecraft:smoker":1,"minecraft:oak_log":168,"minecraft:gunpowder":6,"minecraft:lapis_lazuli":50,"minecraft:string":2,"minecraft:dirt":512,"minecraft:raw_copper":106,"minecraft:bone":6,"minecraft:acacia_planks":28,"minecraft:apple":2,"minecraft:bow":3,"minecraft:wheat_seeds":33,"minecraft:rabbit_hide":1,"minecraft:beef":10,"minecraft:stone_pickaxe":3,"cobblemon:relic_coin":31,"minecraft:poppy":1,"minecraft:rabbit":1,"minecraft:sugar_cane":3,"minecraft:oak_planks":166,"minecraft:egg":1,"cobblemon:chilan_berry":3,"minecraft:stick":32,"minecraft:raw_iron":12,"minecraft:pumpkin":17,"minecraft:torch":44,"cobblemon:cheri_berry":31,"minecraft:porkchop":26,"minecraft:sand":1,"cobblemon:rawst_berry":4,"minecraft:diorite":1,"minecraft:arrow":6,"minecraft:rotten_flesh":14,"cobblemon:poke_ball":6,"minecraft:stone_axe":1,"minecraft:granite":3,"cobblemon:medicinal_leek":3,"minecraft:oak_sapling":21,"minecraft:mutton":17,"cobblemon:blue_apricorn":4,"cobblemon:verdant_ball":7,"minecraft:coal":210,"minecraft:white_wool":13,"minecraft:cobblestone":167},"minecraft:dropped":{"minecraft:stone_axe":1,"minecraft:porkchop":6,"minecraft:raw_copper":13,"minecraft:cobblestone":2,"minecraft:dirt":64,"minecraft:mutton":9,"minecraft:pumpkin":17,"minecraft:bow":1,"minecraft:acacia_planks":28},"minecraft:broken":{"minecraft:stone_pickaxe":3,"minecraft:stone_axe":2,"minecraft:stone_shovel":2},"minecraft:mined":{"minecraft:oak_sapling":1,"minecraft:smoker":1,"minecraft:granite":3,"minecraft:grass_block":383,"minecraft:copper_ore":23,"minecraft:tall_grass":12,"minecraft:lapis_ore":8,"minecraft:oak_planks":40,"minecraft:sugar_cane":3,"minecraft:diorite":1,"minecraft:wall_torch":2,"minecraft:iron_ore":12,"minecraft:black_bed":4,"minecraft:grass":162,"minecraft:coal_ore":222,"minecraft:oak_log":169,"minecraft:dirt":39,"minecraft:stripped_oak_log":34,"minecraft:stone":145,"minecraft:oak_leaves":175},"minecraft:crafted":{"minecraft:cooked_beef":9,"minecraft:oak_door":3,"minecraft:oak_slab":6,"minecraft:oak_planks":548,"minecraft:stone_shovel":2,"minecraft:cooked_porkchop":13,"minecraft:crafting_table":4,"minecraft:cooked_chicken":1,"minecraft:wooden_pickaxe":1,"minecraft:iron_sword":1,"minecraft:furnace":5,"minecraft:stone_axe":2,"minecraft:air":0,"minecraft:iron_axe":1,"minecraft:stick":60,"quark:oak_chest":14,"minecraft:iron_ingot":12,"minecraft:iron_pickaxe":1,"minecraft:stone_pickaxe":4,"minecraft:stone_sword":2,"minecraft:iron_shovel":1,"minecraft:torch":96},"minecraft:killed":{"minecraft:pig":10,"minecraft:creeper":3,"minecraft:skeleton":4,"minecraft:sheep":4,"minecraft:zombie":7,"minecraft:chicken":2,"minecraft:cow":1},"minecraft:used":{"minecraft:iron_shovel":118,"minecraft:stone_sword":74,"minecraft:stone_pickaxe":429,"minecraft:stone_shovel":268,"minecraft:oak_planks":410,"minecraft:wooden_pickaxe":5,"minecraft:iron_sword":7,"minecraft:sugar_cane":3,"minecraft:cooked_chicken":1,"minecraft:oak_door":1,"minecraft:torch":77,"minecraft:dirt":325,"minecraft:oak_slab":4,"minecraft:crafting_table":4,"minecraft:blast_furnace":3,"minecraft:black_bed":4,"minecraft:smoker":3,"minecraft:oak_log":1,"minecraft:oak_stairs":1,"minecraft:iron_axe":41,"minecraft:stone_axe":235,"minecraft:cobblestone":5,"minecraft:oak_sapling":16,"minecraft:furnace":5,"minecraft:cooked_porkchop":10,"quark:oak_chest":14,"minecraft:cooked_beef":4,"minecraft:stripped_oak_log":126},"minecraft:killed_by":{"minecraft:player":1,"minecraft:zombie":1}},"DataVersion":3465}