{"stats":{"minecraft:custom":{"minecraft:interact_with_furnace":14,"minecraft:mob_kills":20,"minecraft:interact_with_crafting_table":13,"minecraft:bell_ring":1,"minecraft:time_since_death":57724,"minecraft:sleep_in_bed":4,"minecraft:climb_one_cm":222,"minecraft:time_since_rest":11775,"minecraft:sprint_one_cm":96179,"minecraft:damage_taken":250,"minecraft:walk_one_cm":238420,"minecraft:drop":9,"minecraft:damage_dealt":2122,"minecraft:swim_one_cm":15155,"minecraft:fly_one_cm":196818,"minecraft:open_chest":10,"minecraft:crouch_one_cm":6857,"minecraft:play_time":57724,"minecraft:sneak_time":2086,"minecraft:walk_under_water_one_cm":2734,"minecraft:jump":1036,"minecraft:walk_on_water_one_cm":6720,"minecraft:total_world_time":57724,"minecraft:fall_one_cm":22947},"minecraft:picked_up":{"minecraft:feather":3,"minecraft:chicken":3,"minecraft:black_bed":3,"minecraft:leather":2,"minecraft:smoker":1,"minecraft:oak_log":61,"minecraft:gunpowder":1,"minecraft:dirt":69,"minecraft:raw_copper":52,"minecraft:bone":1,"minecraft:acacia_planks":28,"minecraft:apple":1,"minecraft:bow":3,"minecraft:wheat_seeds":10,"minecraft:beef":7,"cobblemon:relic_coin":31,"minecraft:poppy":1,"minecraft:sugar_cane":3,"minecraft:egg":1,"cobblemon:chilan_berry":3,"minecraft:stick":18,"minecraft:pumpkin":17,"minecraft:porkchop":14,"minecraft:sand":1,"cobblemon:rawst_berry":4,"minecraft:arrow":1,"minecraft:rotten_flesh":12,"minecraft:stone_axe":1,"cobblemon:poke_ball":6,"cobblemon:medicinal_leek":3,"minecraft:oak_sapling":2,"minecraft:mutton":13,"cobblemon:blue_apricorn":4,"minecraft:coal":149,"minecraft:white_wool":10,"minecraft:cobblestone":94},"minecraft:dropped":{"minecraft:stone_axe":1,"minecraft:porkchop":6,"minecraft:cobblestone":2,"minecraft:mutton":9,"minecraft:pumpkin":17,"minecraft:bow":1,"minecraft:acacia_planks":28},"minecraft:broken":{"minecraft:stone_pickaxe":1},"minecraft:mined":{"minecraft:smoker":1,"minecraft:grass_block":40,"minecraft:copper_ore":15,"minecraft:tall_grass":7,"minecraft:sugar_cane":3,"minecraft:black_bed":3,"minecraft:grass":73,"minecraft:coal_ore":161,"minecraft:oak_log":62,"minecraft:dirt":14,"minecraft:stone":75,"minecraft:oak_leaves":28},"minecraft:crafted":{"minecraft:oak_planks":244,"minecraft:stone_shovel":1,"minecraft:cooked_porkchop":8,"minecraft:crafting_table":1,"minecraft:wooden_pickaxe":1,"minecraft:cooked_chicken":1,"minecraft:furnace":2,"minecraft:stone_axe":1,"minecraft:air":0,"minecraft:stick":36,"quark:oak_chest":2,"minecraft:stone_pickaxe":2,"minecraft:stone_sword":1,"minecraft:torch":64},"minecraft:killed":{"minecraft:pig":5,"minecraft:creeper":2,"minecraft:sheep":4,"minecraft:skeleton":2,"minecraft:zombie":5,"minecraft:chicken":2},"minecraft:used":{"minecraft:stone_sword":58,"minecraft:stone_shovel":35,"minecraft:stone_pickaxe":258,"minecraft:oak_planks":33,"minecraft:wooden_pickaxe":5,"minecraft:sugar_cane":3,"minecraft:cooked_chicken":1,"minecraft:torch":28,"minecraft:dirt":12,"minecraft:crafting_table":1,"minecraft:black_bed":2,"minecraft:stone_axe":70,"minecraft:cobblestone":2,"minecraft:furnace":2,"minecraft:oak_sapling":1,"minecraft:cooked_porkchop":6,"quark:oak_chest":2}},"DataVersion":3465}