{"stats":{"minecraft:custom":{"minecraft:mob_kills":33,"minecraft:interact_with_crafting_table":40,"minecraft:open_barrel":3,"minecraft:bell_ring":1,"minecraft:leave_game":1,"minecraft:time_since_death":19629,"minecraft:climb_one_cm":996,"minecraft:sprint_one_cm":307583,"minecraft:walk_one_cm":764442,"minecraft:drop":21,"minecraft:play_time":212925,"minecraft:deaths":4,"minecraft:sneak_time":3507,"minecraft:walk_under_water_one_cm":5575,"minecraft:jump":2567,"minecraft:walk_on_water_one_cm":53740,"minecraft:total_world_time":212925,"minecraft:interact_with_furnace":41,"minecraft:sleep_in_bed":12,"minecraft:time_since_rest":19665,"minecraft:damage_taken":1670,"minecraft:damage_absorbed":40,"minecraft:damage_dealt":4348,"minecraft:swim_one_cm":15155,"minecraft:fly_one_cm":970212,"minecraft:open_chest":100,"minecraft:crouch_one_cm":12603,"minecraft:interact_with_smoker":7,"minecraft:fall_one_cm":63591},"minecraft:picked_up":{"minecraft:chicken":4,"minecraft:diamond_sword":1,"minecraft:string":2,"minecraft:raw_copper":106,"minecraft:beef":10,"cobblemon:relic_coin":31,"minecraft:poppy":1,"minecraft:sugar_cane":3,"minecraft:egg":1,"minecraft:raw_iron":12,"minecraft:stick":32,"minecraft:torch":44,"minecraft:porkchop":26,"cobblemon:rawst_berry":4,"minecraft:diorite":1,"minecraft:arrow":6,"minecraft:rotten_flesh":14,"minecraft:netherite_chestplate":2,"minecraft:mutton":17,"cobblemon:verdant_ball":7,"cobblemon:blue_apricorn":4,"minecraft:white_wool":13,"minecraft:cobblestone":167,"minecraft:stripped_oak_log":34,"quark:crab_leg":42,"minecraft:netherite_boots":1,"minecraft:feather":4,"minecraft:glow_ink_sac":3,"minecraft:black_bed":4,"minecraft:leather":2,"minecraft:smoker":1,"minecraft:oak_log":168,"minecraft:gunpowder":6,"minecraft:netherite_leggings":2,"minecraft:lapis_lazuli":50,"minecraft:dirt":512,"minecraft:bone":7,"minecraft:acacia_planks":28,"minecraft:apple":2,"minecraft:bow":4,"minecraft:wheat_seeds":33,"minecraft:rabbit_hide":1,"minecraft:iron_ingot":64,"minecraft:stone_pickaxe":3,"minecraft:rabbit":1,"minecraft:diamond_helmet":1,"minecraft:oak_planks":166,"sophisticatedbackpacks:diamond_backpack":1,"cobblemon:chilan_berry":3,"minecraft:pumpkin":17,"cobblemon:cheri_berry":31,"minecraft:sand":1,"minecraft:stone_axe":1,"cobblemon:poke_ball":6,"minecraft:netherite_helmet":1,"minecraft:granite":3,"minecraft:painting":1,"minecraft:bone_meal":64,"minecraft:golden_apple":12,"cobblemon:medicinal_leek":3,"minecraft:oak_sapling":21,"minecraft:coal":274,"minecraft:crimson_roots":1},"minecraft:broken":{"minecraft:stone_pickaxe":3,"minecraft:stone_axe":2,"minecraft:stone_shovel":2},"minecraft:dropped":{"minecraft:iron_ingot":64,"minecraft:porkchop":6,"minecraft:netherite_chestplate":1,"minecraft:cobblestone":2,"minecraft:dirt":64,"minecraft:mutton":9,"minecraft:diamond_helmet":1,"minecraft:pumpkin":17,"minecraft:bone_meal":64,"minecraft:acacia_planks":28,"minecraft:stone_axe":1,"minecraft:raw_copper":13,"quark:crab_leg":1,"sophisticatedbackpacks:diamond_backpack":1,"minecraft:netherite_leggings":1,"minecraft:diamond_sword":1,"minecraft:bow":2},"minecraft:mined":{"minecraft:oak_sapling":1,"minecraft:granite":3,"minecraft:grass_block":383,"minecraft:crimson_roots":1,"minecraft:iron_ore":12,"minecraft:fire":6,"minecraft:stripped_oak_log":34,"minecraft:stone":145,"minecraft:smoker":1,"minecraft:tall_grass":12,"minecraft:copper_ore":23,"minecraft:sugar_cane":3,"minecraft:lapis_ore":8,"minecraft:oak_planks":40,"minecraft:diorite":1,"minecraft:wall_torch":2,"minecraft:black_bed":4,"minecraft:grass":162,"minecraft:oak_log":169,"minecraft:coal_ore":222,"minecraft:dirt":39,"minecraft:oak_leaves":175},"minecraft:crafted":{"minecraft:oak_door":3,"minecraft:oak_planks":548,"minecraft:stone_shovel":2,"minecraft:cooked_chicken":1,"minecraft:furnace":5,"minecraft:iron_axe":1,"minecraft:stone_pickaxe":4,"minecraft:cooked_beef":9,"minecraft:oak_slab":6,"minecraft:cooked_porkchop":13,"minecraft:crafting_table":4,"minecraft:wooden_pickaxe":1,"minecraft:iron_sword":1,"minecraft:stone_axe":2,"minecraft:air":0,"minecraft:stick":60,"quark:oak_chest":14,"minecraft:iron_ingot":12,"minecraft:iron_pickaxe":1,"minecraft:stone_sword":2,"minecraft:iron_shovel":1,"minecraft:torch":96},"minecraft:killed":{"minecraft:skeleton":4,"minecraft:chicken":2,"minecraft:pig":10,"minecraft:creeper":3,"minecraft:sheep":4,"minecraft:zombie":9,"minecraft:cow":1},"minecraft:used":{"minecraft:stone_sword":74,"minecraft:iron_shovel":118,"minecraft:stone_shovel":268,"quark:crab_leg":1,"minecraft:iron_sword":7,"minecraft:cooked_chicken":1,"minecraft:oak_door":1,"minecraft:torch":77,"minecraft:dirt":325,"minecraft:iron_axe":41,"minecraft:oak_stairs":1,"cobblemon:pc":2,"minecraft:furnace":5,"minecraft:oak_sapling":16,"minecraft:cooked_beef":6,"minecraft:water_bucket":5,"minecraft:stone_pickaxe":429,"minecraft:oak_planks":411,"minecraft:wooden_pickaxe":5,"minecraft:sugar_cane":3,"minecraft:golden_apple":1,"minecraft:oak_slab":4,"minecraft:crafting_table":4,"minecraft:blast_furnace":3,"minecraft:black_bed":4,"minecraft:painting":1,"minecraft:smoker":3,"minecraft:oak_log":1,"minecraft:stone_axe":235,"minecraft:diamond_sword":28,"minecraft:cobblestone":5,"minecraft:cooked_porkchop":10,"minecraft:bucket":5,"quark:oak_chest":14,"minecraft:stripped_oak_log":126},"minecraft:killed_by":{"minecraft:player":1,"minecraft:zombie":1}},"DataVersion":3465}