{"stats":{"minecraft:custom":{"minecraft:time_since_rest":1510,"minecraft:interact_with_furnace":5,"minecraft:sprint_one_cm":34616,"minecraft:damage_taken":65,"minecraft:walk_one_cm":130289,"minecraft:mob_kills":4,"minecraft:drop":3,"minecraft:damage_dealt":554,"minecraft:interact_with_crafting_table":7,"minecraft:fly_one_cm":43882,"minecraft:crouch_one_cm":6467,"minecraft:play_time":27724,"minecraft:sneak_time":1789,"minecraft:walk_under_water_one_cm":1140,"minecraft:jump":370,"minecraft:time_since_death":27724,"minecraft:walk_on_water_one_cm":637,"minecraft:sleep_in_bed":1,"minecraft:total_world_time":27724,"minecraft:fall_one_cm":5316},"minecraft:picked_up":{"minecraft:feather":1,"minecraft:chicken":1,"minecraft:black_bed":1,"minecraft:porkchop":2,"minecraft:sand":1,"minecraft:oak_log":10,"minecraft:gunpowder":1,"minecraft:dirt":13,"minecraft:raw_copper":17,"minecraft:acacia_planks":28,"minecraft:rotten_flesh":1,"cobblemon:poke_ball":6,"minecraft:bow":1,"minecraft:wheat_seeds":2,"minecraft:coal":97,"minecraft:cobblestone":52},"minecraft:dropped":{"minecraft:cobblestone":2,"minecraft:acacia_planks":28},"minecraft:broken":{"minecraft:stone_pickaxe":1},"minecraft:mined":{"minecraft:black_bed":1,"minecraft:grass":5,"minecraft:oak_log":10,"minecraft:grass_block":5,"minecraft:coal_ore":109,"minecraft:dirt":8,"minecraft:copper_ore":5,"minecraft:stone":55},"minecraft:crafted":{"minecraft:oak_planks":40,"minecraft:cooked_porkchop":2,"minecraft:crafting_table":1,"minecraft:stick":36,"minecraft:wooden_pickaxe":1,"minecraft:cooked_chicken":1,"minecraft:stone_pickaxe":2,"minecraft:stone_sword":1,"minecraft:furnace":1,"minecraft:torch":64,"minecraft:air":0},"minecraft:used":{"minecraft:stone_sword":16,"minecraft:stone_pickaxe":165,"minecraft:oak_planks":1,"minecraft:wooden_pickaxe":5,"minecraft:torch":19,"minecraft:dirt":9,"minecraft:cobblestone":2,"minecraft:crafting_table":1,"minecraft:furnace":1,"minecraft:cooked_porkchop":2},"minecraft:killed":{"minecraft:skeleton":1,"minecraft:zombie":2,"minecraft:creeper":1}},"DataVersion":3465}