{"stats":{"minecraft:custom":{"minecraft:jump":40,"minecraft:time_since_rest":3724,"minecraft:sprint_one_cm":1076,"minecraft:crouch_one_cm":546,"minecraft:play_time":3724,"minecraft:time_since_death":3724,"minecraft:walk_one_cm":14007,"minecraft:sneak_time":148,"minecraft:total_world_time":3724,"minecraft:fall_one_cm":418,"minecraft:interact_with_crafting_table":1,"minecraft:fly_one_cm":1753},"minecraft:picked_up":{"minecraft:sand":1,"minecraft:oak_log":10,"minecraft:cobblestone":3},"minecraft:mined":{"minecraft:grass":1,"minecraft:stone":3,"minecraft:oak_log":10},"minecraft:crafted":{"minecraft:crafting_table":1,"minecraft:oak_planks":40,"minecraft:stick":4,"minecraft:wooden_pickaxe":1},"minecraft:used":{"minecraft:wooden_pickaxe":3,"minecraft:crafting_table":1}},"DataVersion":3465}