{"stats":{"minecraft:custom":{"minecraft:jump":51,"minecraft:time_since_rest":3447,"minecraft:walk_on_water_one_cm":695,"minecraft:damage_dealt":28,"minecraft:crouch_one_cm":28,"minecraft:sprint_one_cm":1758,"minecraft:deaths":1,"minecraft:play_time":3871,"minecraft:damage_taken":366,"minecraft:time_since_death":3394,"minecraft:walk_one_cm":6125,"minecraft:sneak_time":8,"minecraft:total_world_time":3871,"minecraft:walk_under_water_one_cm":766,"minecraft:swim_one_cm":150,"minecraft:fall_one_cm":418,"minecraft:fly_one_cm":6965},"minecraft:picked_up":{"minecraft:porkchop":2},"minecraft:used":{"minecraft:porkchop":2},"minecraft:killed_by":{"minecraft:zombie":1}},"DataVersion":3465}