{"stats":{"minecraft:custom":{"minecraft:interact_with_furnace":16,"minecraft:mob_kills":16,"minecraft:interact_with_crafting_table":11,"minecraft:time_since_death":65044,"minecraft:sleep_in_bed":8,"minecraft:climb_one_cm":4248,"minecraft:time_since_rest":2470,"minecraft:sprint_one_cm":101711,"minecraft:damage_taken":1266,"minecraft:walk_one_cm":84924,"minecraft:drop":9,"minecraft:damage_dealt":2427,"minecraft:swim_one_cm":20795,"minecraft:fly_one_cm":308463,"minecraft:open_chest":13,"minecraft:crouch_one_cm":8134,"minecraft:play_time":69871,"minecraft:deaths":2,"minecraft:sneak_time":4026,"minecraft:walk_under_water_one_cm":1905,"minecraft:jump":1363,"minecraft:walk_on_water_one_cm":6441,"minecraft:total_world_time":69871,"minecraft:fall_one_cm":37814},"minecraft:picked_up":{"minecraft:crafting_table":2,"minecraft:air":0,"minecraft:ladder":1,"minecraft:chicken":1,"minecraft:andesite":9,"minecraft:leather":4,"minecraft:tuff":1,"minecraft:oak_log":5,"minecraft:brick":16,"minecraft:lapis_lazuli":13,"minecraft:cornflower":3,"cobblemon:wepear_berry":25,"minecraft:dirt":30,"minecraft:apple":1,"minecraft:wheat_seeds":2,"minecraft:cobbled_deepslate":5,"minecraft:raw_gold":2,"minecraft:spruce_planks":7,"minecraft:beef":8,"cobblemon:relic_coin":22,"minecraft:sugar_cane":1,"minecraft:stick":3,"minecraft:raw_iron":20,"minecraft:torch":1,"minecraft:dandelion":1,"cobblemon:blue_apricorn_seed":1,"minecraft:gravel":2,"cobblemon:cheri_berry":20,"minecraft:porkchop":3,"minecraft:diorite":6,"minecraft:white_bed":6,"minecraft:carrot":1,"minecraft:redstone":35,"minecraft:rotten_flesh":1,"cobblemon:poke_ball":10,"minecraft:hay_block":7,"minecraft:granite":2,"cobblemon:water_stone":2,"cobblemon:medicinal_leek":19,"minecraft:oak_sapling":1,"minecraft:mutton":1,"cobblemon:blue_apricorn":6,"minecraft:coal":13,"minecraft:white_wool":1,"minecraft:cobblestone":39},"minecraft:dropped":{"minecraft:gravel":2,"cobblemon:wepear_berry":1,"minecraft:cobblestone":15,"minecraft:rotten_flesh":1,"minecraft:leather":4,"minecraft:diorite":6,"minecraft:andesite":9,"minecraft:oak_sapling":1,"minecraft:dandelion":1},"minecraft:mined":{"minecraft:deepslate_redstone_ore":7,"minecraft:tuff":1,"minecraft:spruce_planks":7,"minecraft:white_bed":6,"cobblemon:deepslate_water_stone_ore":2,"cobblemon:cheri_berry":1,"minecraft:crafting_table":2,"minecraft:cornflower":1,"minecraft:torch":1,"minecraft:ladder":1,"minecraft:granite":7,"minecraft:grass_block":3,"minecraft:decorated_pot":4,"minecraft:deepslate_gold_ore":2,"minecraft:diorite":6,"cobblemon:relic_coin_pouch":3,"minecraft:hay_block":8,"minecraft:iron_ore":5,"minecraft:andesite":9,"minecraft:deepslate_lapis_ore":2,"cobblemon:medicinal_leek":15,"minecraft:grass":14,"minecraft:oak_log":5,"minecraft:coal_ore":14,"minecraft:deepslate_iron_ore":16,"minecraft:gravel":2,"minecraft:dirt":28,"minecraft:stone":39,"minecraft:deepslate":7,"minecraft:oak_leaves":3},"minecraft:crafted":{"minecraft:oak_planks":20,"minecraft:crafting_table":1,"minecraft:wooden_pickaxe":1,"cobblemon:slate_ball":4,"minecraft:copper_ingot":55,"minecraft:stone_axe":1,"minecraft:bread":21,"minecraft:air":0,"minecraft:stick":20,"minecraft:iron_ingot":17,"minecraft:iron_pickaxe":1,"minecraft:stone_pickaxe":1,"minecraft:wooden_axe":1,"minecraft:white_bed":1,"minecraft:torch":40,"minecraft:wheat":63},"minecraft:used":{"minecraft:stone_pickaxe":111,"minecraft:spruce_planks":3,"minecraft:torch":28,"minecraft:dirt":22,"minecraft:crafting_table":3,"minecraft:white_bed":7,"minecraft:wooden_axe":28,"minecraft:bread":24,"minecraft:iron_pickaxe":16,"minecraft:stone_axe":38,"minecraft:cobblestone":3,"minecraft:porkchop":2},"minecraft:killed":{"minecraft:pig":1,"cobblemon:pokemon":6,"minecraft:zombie_villager":1,"minecraft:zombie":3,"minecraft:bee":1,"minecraft:cow":4},"minecraft:killed_by":{"minecraft:zombie":1}},"DataVersion":3465}