{"stats":{"minecraft:custom":{"minecraft:interact_with_furnace":6,"minecraft:mob_kills":15,"minecraft:interact_with_crafting_table":8,"minecraft:time_since_death":53044,"minecraft:sleep_in_bed":7,"minecraft:climb_one_cm":4248,"minecraft:time_since_rest":9247,"minecraft:sprint_one_cm":87155,"minecraft:damage_taken":1131,"minecraft:walk_one_cm":69787,"minecraft:drop":9,"minecraft:damage_dealt":2105,"minecraft:swim_one_cm":20795,"minecraft:fly_one_cm":284838,"minecraft:open_chest":7,"minecraft:crouch_one_cm":6663,"minecraft:play_time":57871,"minecraft:deaths":2,"minecraft:sneak_time":3580,"minecraft:walk_under_water_one_cm":1905,"minecraft:jump":1205,"minecraft:walk_on_water_one_cm":4992,"minecraft:total_world_time":57871,"minecraft:fall_one_cm":34182},"minecraft:picked_up":{"minecraft:crafting_table":2,"minecraft:air":0,"minecraft:ladder":1,"minecraft:chicken":1,"minecraft:andesite":9,"minecraft:leather":4,"minecraft:tuff":1,"minecraft:oak_log":5,"minecraft:brick":16,"minecraft:lapis_lazuli":13,"minecraft:cornflower":3,"cobblemon:wepear_berry":25,"minecraft:dirt":30,"minecraft:apple":1,"minecraft:wheat_seeds":2,"minecraft:cobbled_deepslate":2,"minecraft:spruce_planks":7,"minecraft:beef":8,"cobblemon:relic_coin":22,"minecraft:sugar_cane":1,"minecraft:stick":3,"minecraft:raw_iron":14,"minecraft:torch":1,"minecraft:dandelion":1,"cobblemon:blue_apricorn_seed":1,"minecraft:gravel":2,"cobblemon:cheri_berry":20,"minecraft:porkchop":3,"minecraft:diorite":6,"minecraft:white_bed":6,"minecraft:carrot":1,"minecraft:rotten_flesh":1,"cobblemon:poke_ball":10,"minecraft:hay_block":7,"minecraft:granite":2,"cobblemon:medicinal_leek":19,"minecraft:oak_sapling":1,"minecraft:mutton":1,"cobblemon:blue_apricorn":6,"minecraft:coal":12,"minecraft:white_wool":1,"minecraft:cobblestone":39},"minecraft:dropped":{"minecraft:gravel":2,"cobblemon:wepear_berry":1,"minecraft:cobblestone":15,"minecraft:rotten_flesh":1,"minecraft:leather":4,"minecraft:diorite":6,"minecraft:andesite":9,"minecraft:oak_sapling":1,"minecraft:dandelion":1},"minecraft:mined":{"minecraft:tuff":1,"minecraft:spruce_planks":7,"minecraft:white_bed":6,"cobblemon:cheri_berry":1,"minecraft:crafting_table":2,"minecraft:cornflower":1,"minecraft:torch":1,"minecraft:ladder":1,"minecraft:granite":7,"minecraft:grass_block":3,"minecraft:decorated_pot":4,"minecraft:diorite":6,"cobblemon:relic_coin_pouch":3,"minecraft:hay_block":8,"minecraft:iron_ore":5,"minecraft:andesite":9,"minecraft:deepslate_lapis_ore":2,"cobblemon:medicinal_leek":15,"minecraft:grass":14,"minecraft:oak_log":5,"minecraft:coal_ore":14,"minecraft:deepslate_iron_ore":10,"minecraft:gravel":2,"minecraft:dirt":28,"minecraft:stone":39,"minecraft:deepslate":4,"minecraft:oak_leaves":3},"minecraft:crafted":{"minecraft:oak_planks":20,"minecraft:crafting_table":1,"minecraft:wooden_pickaxe":1,"minecraft:copper_ingot":15,"minecraft:stone_axe":1,"minecraft:bread":21,"minecraft:air":0,"minecraft:stick":12,"minecraft:stone_pickaxe":1,"minecraft:wooden_axe":1,"minecraft:white_bed":1,"minecraft:torch":16,"minecraft:wheat":63},"minecraft:used":{"minecraft:stone_pickaxe":107,"minecraft:spruce_planks":3,"minecraft:torch":13,"minecraft:dirt":22,"minecraft:crafting_table":3,"minecraft:white_bed":7,"minecraft:wooden_axe":28,"minecraft:bread":20,"minecraft:stone_axe":34,"minecraft:cobblestone":3,"minecraft:porkchop":2},"minecraft:killed":{"minecraft:pig":1,"cobblemon:pokemon":6,"minecraft:zombie_villager":1,"minecraft:zombie":2,"minecraft:bee":1,"minecraft:cow":4},"minecraft:killed_by":{"minecraft:zombie":1}},"DataVersion":3465}