{"stats":{"minecraft:custom":{"minecraft:mob_kills":28,"minecraft:interact_with_crafting_table":12,"minecraft:open_barrel":6,"minecraft:leave_game":1,"minecraft:time_since_death":5790,"minecraft:climb_one_cm":6253,"minecraft:sprint_one_cm":337727,"minecraft:walk_one_cm":292889,"minecraft:drop":21,"minecraft:play_time":176903,"minecraft:deaths":6,"minecraft:sneak_time":9095,"minecraft:walk_under_water_one_cm":6968,"minecraft:jump":3621,"minecraft:walk_on_water_one_cm":10678,"minecraft:total_world_time":176903,"minecraft:interact_with_furnace":36,"minecraft:sleep_in_bed":13,"minecraft:time_since_rest":5819,"minecraft:damage_taken":3618,"minecraft:damage_dealt":5666,"minecraft:swim_one_cm":41866,"minecraft:fly_one_cm":779631,"minecraft:player_kills":2,"minecraft:open_chest":44,"minecraft:crouch_one_cm":23686,"minecraft:interact_with_smoker":10,"minecraft:fall_one_cm":96254},"minecraft:picked_up":{"cobblemon:remedy":5,"minecraft:crafting_table":5,"minecraft:ladder":1,"minecraft:chicken":3,"minecraft:clay_ball":1,"minecraft:diamond_sword":2,"minecraft:brick":16,"cobblemon:wepear_berry":51,"minecraft:cornflower":3,"cobblemon:exp_candy_xl":2,"minecraft:string":7,"cobblemon:white_apricorn":10,"minecraft:oak_sign":1,"minecraft:cobbled_deepslate":34,"cobblemon:green_apricorn":11,"minecraft:spruce_planks":7,"minecraft:beef":11,"cobblemon:oran_berry":57,"cobblemon:relic_coin":74,"minecraft:iron_pickaxe":1,"cobblemon:big_root":11,"minecraft:melon_slice":30,"minecraft:sugar_cane":1,"minecraft:iron_boots":2,"minecraft:stick":6,"minecraft:raw_iron":47,"cobblemon:apricorn_log":10,"cobblemon:pc":2,"minecraft:torch":4,"sophisticatedbackpacks:backpack":2,"minecraft:porkchop":6,"quark:crab_spawn_egg":2,"minecraft:diorite":6,"minecraft:carrot":1,"minecraft:redstone":70,"minecraft:rotten_flesh":16,"quark:clear_shard":4,"minecraft:arrow":4,"minecraft:hay_block":7,"minecraft:mutton":1,"cobblemon:blue_apricorn":28,"minecraft:cobblestone":120,"minecraft:white_wool":1,"quark:crab_leg":1,"minecraft:air":0,"minecraft:cooked_beef":22,"cobblemon:ultra_ball":128,"minecraft:andesite":9,"minecraft:salmon":1,"minecraft:black_bed":4,"minecraft:brown_wool":4,"minecraft:leather":9,"minecraft:tuff":1,"cobblemon:slate_ball":6,"minecraft:oak_log":5,"minecraft:golden_boots":1,"minecraft:gunpowder":11,"minecraft:netherite_leggings":2,"minecraft:lapis_lazuli":26,"minecraft:dirt":68,"cobblemon:passho_berry":1,"minecraft:apple":1,"minecraft:wheat_seeds":4,"cobblemon:exp_share":2,"minecraft:raw_gold":4,"minecraft:iron_ingot":145,"minecraft:rabbit":3,"minecraft:oak_planks":7,"cobblemon:sun_stone":4,"minecraft:dandelion":1,"cobblemon:blue_apricorn_seed":2,"minecraft:gravel":3,"cobblemon:cheri_berry":76,"cobblemon:persim_berry":6,"minecraft:white_bed":6,"quark:oak_chest":2,"minecraft:spider_eye":3,"cobblemon:healing_machine":2,"minecraft:stone_axe":1,"cobblemon:poke_ball":12,"minecraft:iron_helmet":2,"minecraft:granite":4,"minecraft:painting":5,"minecraft:emerald":2,"minecraft:oak_sapling":2,"cobblemon:medicinal_leek":35,"cobblemon:water_stone":8,"cobblemon:energy_root":1,"minecraft:coal":108,"minecraft:diamond_pickaxe":2},"minecraft:dropped":{"minecraft:golden_boots":1,"minecraft:wheat_seeds":2,"minecraft:cobblestone":17,"minecraft:leather":4,"cobblemon:slate_ball":1,"minecraft:diorite":6,"minecraft:torch":1,"minecraft:iron_axe":1,"minecraft:dandelion":1,"minecraft:gravel":2,"cobblemon:relic_coin":1,"cobblemon:wepear_berry":1,"minecraft:rotten_flesh":4,"minecraft:gunpowder":10,"minecraft:andesite":9,"minecraft:oak_sapling":1,"cobblemon:monitor":64,"minecraft:painting":1},"minecraft:mined":{"minecraft:tuff":1,"minecraft:spruce_planks":7,"minecraft:white_bed":6,"cobblemon:big_root":11,"cobblemon:apricorn_log":5,"cobblemon:deepslate_water_stone_ore":2,"cobblemon:cheri_berry":1,"minecraft:ladder":1,"minecraft:granite":9,"minecraft:grass_block":8,"minecraft:decorated_pot":4,"minecraft:hay_block":8,"minecraft:iron_ore":17,"minecraft:andesite":9,"minecraft:deepslate_lapis_ore":2,"cobblemon:medicinal_leek":15,"minecraft:deepslate_iron_ore":16,"minecraft:vine":1,"minecraft:stone":56,"minecraft:deepslate_redstone_ore":7,"minecraft:torch":1,"minecraft:crafting_table":2,"minecraft:cornflower":1,"cobblemon:apricorn_leaves":45,"cobblemon:energy_root":2,"minecraft:tall_grass":4,"minecraft:cobblestone":4,"minecraft:deepslate_gold_ore":2,"minecraft:oak_planks":6,"minecraft:diorite":6,"cobblemon:relic_coin_pouch":3,"minecraft:wall_torch":1,"minecraft:black_bed":4,"minecraft:grass":38,"minecraft:oak_log":5,"minecraft:coal_ore":29,"minecraft:gravel":3,"minecraft:dirt":40,"cobblemon:sun_stone_ore":1,"minecraft:oak_leaves":3,"minecraft:deepslate":36,"minecraft:fern":2},"minecraft:crafted":{"minecraft:oak_planks":276,"cobblemon:slate_ball":4,"minecraft:stone_pickaxe":1,"minecraft:wheat":63,"minecraft:cooked_beef":2,"minecraft:cooked_porkchop":14,"minecraft:crafting_table":1,"minecraft:wooden_pickaxe":1,"minecraft:copper_ingot":55,"minecraft:stone_axe":1,"minecraft:bread":21,"minecraft:air":0,"cobblemon:remedy":8,"minecraft:stick":20,"minecraft:iron_pickaxe":1,"minecraft:iron_ingot":20,"minecraft:wooden_axe":1,"minecraft:white_bed":1,"minecraft:torch":40},"minecraft:killed":{"minecraft:spider":3,"minecraft:bee":1,"minecraft:pig":1,"cobblemon:pokemon":9,"minecraft:zombie_villager":1,"minecraft:creeper":1,"minecraft:zombie":6,"minecraft:villager":1,"minecraft:cow":4},"minecraft:used":{"minecraft:oak_sign":4,"minecraft:spruce_planks":3,"minecraft:cooked_chicken":2,"minecraft:torch":43,"minecraft:dirt":30,"quark:crab_spawn_egg":101,"minecraft:wooden_axe":28,"minecraft:villager_spawn_egg":9,"minecraft:iron_axe":13,"minecraft:iron_helmet":1,"minecraft:iron_boots":2,"cobblemon:pc":2,"minecraft:beef":3,"minecraft:oak_sapling":1,"minecraft:cooked_beef":6,"minecraft:cooked_mutton":5,"minecraft:rabbit":3,"minecraft:stone_pickaxe":111,"cobblemon:monitor":2,"minecraft:oak_planks":373,"minecraft:crafting_table":3,"minecraft:white_bed":7,"minecraft:painting":4,"minecraft:black_bed":3,"cobblemon:healing_machine":4,"minecraft:diamond_pickaxe":24,"minecraft:melon_slice":15,"minecraft:bread":24,"minecraft:brown_wool":2,"minecraft:iron_pickaxe":90,"quark:cobblestone_bricks_stairs":4,"minecraft:stone_axe":90,"minecraft:diamond_sword":3,"minecraft:cobblestone":25,"minecraft:porkchop":4,"cobblemon:medicinal_leek":10,"minecraft:cooked_porkchop":7,"quark:oak_chest":11},"minecraft:killed_by":{"minecraft:player":1,"minecraft:zombie":1}},"DataVersion":3465}