{"stats":{"minecraft:custom":{"minecraft:mob_kills":25,"minecraft:interact_with_crafting_table":12,"minecraft:open_barrel":6,"minecraft:time_since_death":15423,"minecraft:climb_one_cm":6033,"minecraft:sprint_one_cm":245292,"minecraft:walk_one_cm":170456,"minecraft:drop":16,"minecraft:play_time":129871,"minecraft:sneak_time":7184,"minecraft:deaths":3,"minecraft:walk_under_water_one_cm":6792,"minecraft:jump":2780,"minecraft:walk_on_water_one_cm":9922,"minecraft:total_world_time":129871,"minecraft:interact_with_furnace":32,"minecraft:sleep_in_bed":13,"minecraft:time_since_rest":3701,"minecraft:damage_taken":2694,"minecraft:damage_dealt":4863,"minecraft:swim_one_cm":37797,"minecraft:fly_one_cm":596868,"minecraft:player_kills":2,"minecraft:open_chest":27,"minecraft:crouch_one_cm":15668,"minecraft:interact_with_smoker":4,"minecraft:fall_one_cm":75641},"minecraft:picked_up":{"cobblemon:remedy":1,"minecraft:crafting_table":5,"minecraft:chicken":2,"minecraft:ladder":1,"minecraft:clay_ball":1,"minecraft:brick":16,"cobblemon:wepear_berry":51,"minecraft:cornflower":3,"minecraft:string":4,"cobblemon:white_apricorn":10,"minecraft:cobbled_deepslate":34,"minecraft:spruce_planks":7,"minecraft:beef":9,"cobblemon:oran_berry":54,"cobblemon:relic_coin":74,"minecraft:iron_pickaxe":1,"cobblemon:big_root":11,"minecraft:sugar_cane":1,"minecraft:stick":6,"minecraft:raw_iron":47,"cobblemon:apricorn_log":10,"minecraft:torch":2,"minecraft:porkchop":6,"minecraft:diorite":6,"minecraft:carrot":1,"minecraft:redstone":70,"minecraft:rotten_flesh":4,"minecraft:arrow":4,"quark:clear_shard":4,"minecraft:hay_block":7,"minecraft:mutton":1,"cobblemon:blue_apricorn":16,"minecraft:cobblestone":103,"minecraft:white_wool":1,"minecraft:air":0,"minecraft:andesite":9,"minecraft:salmon":1,"minecraft:leather":9,"minecraft:black_bed":3,"minecraft:brown_wool":4,"minecraft:tuff":1,"cobblemon:slate_ball":2,"minecraft:oak_log":5,"minecraft:gunpowder":11,"minecraft:lapis_lazuli":26,"minecraft:dirt":63,"cobblemon:passho_berry":1,"minecraft:apple":1,"minecraft:wheat_seeds":4,"minecraft:raw_gold":4,"minecraft:iron_ingot":17,"minecraft:rabbit":3,"minecraft:oak_planks":1,"cobblemon:sun_stone":2,"minecraft:dandelion":1,"cobblemon:blue_apricorn_seed":2,"minecraft:gravel":2,"cobblemon:cheri_berry":76,"cobblemon:persim_berry":6,"minecraft:white_bed":6,"cobblemon:poke_ball":12,"minecraft:stone_axe":1,"minecraft:granite":4,"minecraft:emerald":2,"minecraft:oak_sapling":1,"cobblemon:medicinal_leek":35,"cobblemon:water_stone":4,"minecraft:coal":108,"cobblemon:energy_root":1},"minecraft:dropped":{"minecraft:wheat_seeds":2,"minecraft:cobblestone":17,"minecraft:leather":4,"cobblemon:slate_ball":1,"minecraft:diorite":6,"minecraft:dandelion":1,"minecraft:gravel":2,"cobblemon:relic_coin":1,"cobblemon:wepear_berry":1,"minecraft:rotten_flesh":4,"minecraft:gunpowder":10,"minecraft:andesite":9,"minecraft:oak_sapling":1},"minecraft:mined":{"minecraft:tuff":1,"minecraft:spruce_planks":7,"minecraft:white_bed":6,"cobblemon:big_root":11,"cobblemon:apricorn_log":5,"cobblemon:deepslate_water_stone_ore":2,"cobblemon:cheri_berry":1,"minecraft:ladder":1,"minecraft:granite":9,"minecraft:grass_block":7,"minecraft:decorated_pot":4,"minecraft:hay_block":8,"minecraft:iron_ore":17,"minecraft:andesite":9,"minecraft:deepslate_lapis_ore":2,"cobblemon:medicinal_leek":15,"minecraft:deepslate_iron_ore":16,"minecraft:vine":1,"minecraft:stone":41,"minecraft:deepslate_redstone_ore":7,"minecraft:torch":1,"minecraft:crafting_table":2,"minecraft:cornflower":1,"cobblemon:apricorn_leaves":38,"cobblemon:energy_root":2,"minecraft:tall_grass":4,"minecraft:cobblestone":2,"minecraft:deepslate_gold_ore":2,"minecraft:diorite":6,"cobblemon:relic_coin_pouch":3,"minecraft:wall_torch":1,"minecraft:black_bed":3,"minecraft:grass":29,"minecraft:coal_ore":29,"minecraft:oak_log":5,"minecraft:gravel":2,"minecraft:dirt":36,"cobblemon:sun_stone_ore":1,"minecraft:oak_leaves":3,"minecraft:deepslate":36,"minecraft:fern":2},"minecraft:crafted":{"minecraft:oak_planks":20,"cobblemon:slate_ball":4,"minecraft:stone_pickaxe":1,"minecraft:wheat":63,"minecraft:cooked_beef":2,"minecraft:cooked_porkchop":7,"minecraft:crafting_table":1,"minecraft:wooden_pickaxe":1,"minecraft:copper_ingot":55,"minecraft:stone_axe":1,"minecraft:bread":21,"minecraft:air":0,"cobblemon:remedy":8,"minecraft:stick":20,"minecraft:iron_ingot":20,"minecraft:iron_pickaxe":1,"minecraft:wooden_axe":1,"minecraft:white_bed":1,"minecraft:torch":40},"minecraft:killed":{"minecraft:spider":2,"minecraft:bee":1,"minecraft:pig":1,"cobblemon:pokemon":9,"minecraft:zombie_villager":1,"minecraft:creeper":1,"minecraft:zombie":5,"minecraft:cow":4},"minecraft:used":{"minecraft:spruce_planks":3,"minecraft:cooked_chicken":2,"minecraft:torch":42,"minecraft:dirt":25,"minecraft:wooden_axe":28,"minecraft:beef":1,"minecraft:cooked_beef":5,"minecraft:cooked_mutton":5,"minecraft:rabbit":2,"minecraft:stone_pickaxe":111,"minecraft:crafting_table":3,"minecraft:white_bed":7,"minecraft:black_bed":3,"minecraft:brown_wool":2,"minecraft:bread":24,"minecraft:iron_pickaxe":90,"minecraft:stone_axe":90,"minecraft:cobblestone":8,"minecraft:porkchop":4,"cobblemon:medicinal_leek":10,"minecraft:cooked_porkchop":7},"minecraft:killed_by":{"minecraft:zombie":1}},"DataVersion":3465}