{"stats":{"minecraft:custom":{"minecraft:mob_kills":33,"minecraft:interact_with_crafting_table":12,"minecraft:open_barrel":6,"minecraft:leave_game":1,"minecraft:time_since_death":1556,"minecraft:climb_one_cm":6716,"minecraft:sprint_one_cm":377605,"minecraft:walk_one_cm":332794,"minecraft:drop":26,"minecraft:play_time":200903,"minecraft:deaths":8,"minecraft:sneak_time":10271,"minecraft:walk_under_water_one_cm":14663,"minecraft:jump":4037,"minecraft:walk_on_water_one_cm":16455,"minecraft:total_world_time":200903,"minecraft:interact_with_furnace":36,"minecraft:sleep_in_bed":13,"minecraft:time_since_rest":1585,"minecraft:damage_taken":4629,"minecraft:damage_dealt":6682,"minecraft:swim_one_cm":47447,"minecraft:fly_one_cm":1246489,"minecraft:player_kills":3,"minecraft:open_chest":46,"minecraft:crouch_one_cm":28195,"minecraft:interact_with_smoker":10,"minecraft:fall_one_cm":109544},"minecraft:picked_up":{"cobblemon:remedy":9,"minecraft:crafting_table":5,"minecraft:ladder":1,"minecraft:chicken":3,"minecraft:clay_ball":1,"cobblemon:yellow_apricorn":22,"minecraft:diamond_sword":3,"minecraft:brick":16,"cobblemon:wepear_berry":51,"minecraft:cornflower":3,"cobblemon:exp_candy_xl":4,"minecraft:string":23,"cobblemon:white_apricorn":10,"minecraft:oak_sign":1,"minecraft:netherite_sword":1,"minecraft:cobbled_deepslate":37,"cobblemon:green_apricorn":33,"minecraft:spruce_planks":7,"minecraft:beef":11,"cobblemon:oran_berry":129,"cobblemon:relic_coin":74,"minecraft:poppy":2,"minecraft:iron_pickaxe":1,"cobblemon:big_root":11,"minecraft:melon_slice":70,"minecraft:sugar_cane":59,"minecraft:iron_boots":2,"minecraft:end_stone":16,"minecraft:stick":6,"minecraft:raw_iron":47,"cobblemon:apricorn_log":10,"cobblemon:pc":2,"minecraft:torch":4,"sophisticatedbackpacks:backpack":3,"minecraft:porkchop":10,"cobblemon:rawst_berry":8,"quark:crab_spawn_egg":3,"minecraft:diorite":6,"minecraft:carrot":1,"minecraft:redstone":70,"minecraft:netherite_pickaxe":1,"minecraft:weeping_vines":3,"minecraft:rotten_flesh":54,"quark:clear_shard":4,"minecraft:arrow":8,"minecraft:hay_block":7,"minecraft:netherite_chestplate":1,"minecraft:mutton":17,"minecraft:iron_bars":13,"cobblemon:blue_apricorn":84,"minecraft:cobblestone":120,"minecraft:white_wool":1,"minecraft:netherite_boots":1,"quark:crab_leg":3,"minecraft:air":0,"minecraft:cooked_beef":92,"cobblemon:ultra_ball":256,"minecraft:andesite":9,"minecraft:salmon":1,"minecraft:black_bed":6,"minecraft:brown_wool":4,"minecraft:leather":9,"minecraft:tuff":2,"cobblemon:slate_ball":10,"minecraft:oak_log":5,"minecraft:golden_boots":1,"minecraft:gunpowder":17,"minecraft:netherite_leggings":4,"minecraft:lapis_lazuli":26,"minecraft:dirt":68,"cobblemon:passho_berry":1,"minecraft:bone":10,"minecraft:apple":5,"minecraft:wheat_seeds":4,"cobblemon:exp_share":4,"minecraft:raw_gold":4,"minecraft:iron_ingot":273,"quark:pickarang":1,"minecraft:rabbit":3,"minecraft:oak_planks":7,"cobblemon:sun_stone":4,"minecraft:pumpkin":34,"minecraft:dandelion":1,"cobblemon:blue_apricorn_seed":2,"minecraft:gravel":4,"cobblemon:cheri_berry":76,"cobblemon:persim_berry":6,"minecraft:white_bed":6,"quark:oak_chest":2,"minecraft:spider_eye":7,"cobblemon:healing_machine":2,"minecraft:stone_axe":1,"cobblemon:poke_ball":12,"minecraft:netherite_helmet":1,"minecraft:iron_helmet":3,"minecraft:granite":4,"minecraft:painting":5,"minecraft:emerald":2,"minecraft:oak_sapling":8,"cobblemon:medicinal_leek":35,"cobblemon:water_stone":12,"cobblemon:energy_root":1,"minecraft:coal":108,"minecraft:crimson_roots":5,"minecraft:ender_pearl":2,"minecraft:diamond_pickaxe":2},"minecraft:dropped":{"minecraft:golden_boots":1,"minecraft:wheat_seeds":2,"minecraft:iron_helmet":1,"minecraft:cobblestone":17,"minecraft:leather":4,"cobblemon:slate_ball":1,"minecraft:diorite":6,"minecraft:torch":1,"minecraft:crimson_roots":1,"minecraft:iron_axe":1,"minecraft:dandelion":1,"minecraft:gravel":3,"cobblemon:relic_coin":1,"cobblemon:wepear_berry":1,"minecraft:cobbled_deepslate":3,"minecraft:rotten_flesh":4,"minecraft:gunpowder":10,"minecraft:andesite":9,"minecraft:oak_sapling":1,"cobblemon:monitor":64,"minecraft:painting":1,"minecraft:iron_bars":2},"minecraft:mined":{"minecraft:tuff":1,"minecraft:spruce_planks":7,"minecraft:white_bed":6,"cobblemon:big_root":11,"cobblemon:apricorn_log":5,"cobblemon:deepslate_water_stone_ore":2,"minecraft:end_stone":14,"cobblemon:cheri_berry":1,"minecraft:ladder":1,"minecraft:granite":9,"minecraft:grass_block":8,"minecraft:decorated_pot":4,"minecraft:crimson_roots":1,"minecraft:spawner":1,"minecraft:hay_block":8,"minecraft:fire":3,"minecraft:iron_ore":17,"minecraft:andesite":9,"minecraft:deepslate_lapis_ore":2,"cobblemon:medicinal_leek":15,"minecraft:deepslate_iron_ore":16,"minecraft:vine":1,"minecraft:iron_bars":2,"minecraft:stone":56,"minecraft:deepslate_redstone_ore":7,"minecraft:torch":1,"minecraft:crafting_table":2,"minecraft:cornflower":1,"cobblemon:apricorn_leaves":45,"cobblemon:energy_root":2,"minecraft:tall_grass":4,"minecraft:cobblestone":4,"minecraft:deepslate_gold_ore":2,"minecraft:oak_planks":6,"minecraft:diorite":6,"cobblemon:relic_coin_pouch":3,"minecraft:wall_torch":1,"minecraft:black_bed":4,"minecraft:grass":38,"minecraft:oak_log":5,"minecraft:coal_ore":29,"minecraft:gravel":3,"minecraft:dirt":40,"cobblemon:sun_stone_ore":1,"minecraft:oak_leaves":3,"minecraft:deepslate":36,"minecraft:fern":2},"minecraft:crafted":{"minecraft:oak_planks":276,"cobblemon:slate_ball":4,"minecraft:stone_pickaxe":1,"minecraft:wheat":63,"minecraft:cooked_beef":2,"minecraft:cooked_porkchop":14,"minecraft:crafting_table":1,"minecraft:wooden_pickaxe":1,"minecraft:copper_ingot":55,"minecraft:stone_axe":1,"minecraft:bread":21,"minecraft:air":0,"cobblemon:remedy":8,"minecraft:stick":20,"minecraft:iron_pickaxe":1,"minecraft:iron_ingot":20,"minecraft:wooden_axe":1,"minecraft:white_bed":1,"minecraft:torch":40},"minecraft:killed":{"minecraft:spider":4,"minecraft:bee":1,"minecraft:silverfish":1,"minecraft:piglin":1,"minecraft:pig":1,"cobblemon:pokemon":9,"minecraft:zombie_villager":1,"minecraft:creeper":2,"minecraft:zombie":6,"minecraft:villager":1,"minecraft:enderman":1,"minecraft:cow":4},"minecraft:used":{"minecraft:netherite_sword":12,"minecraft:oak_sign":4,"minecraft:spruce_planks":3,"minecraft:cooked_chicken":2,"minecraft:torch":43,"minecraft:dirt":30,"quark:crab_spawn_egg":102,"minecraft:tuff":1,"minecraft:wooden_axe":28,"minecraft:villager_spawn_egg":9,"minecraft:iron_axe":13,"minecraft:iron_helmet":2,"minecraft:iron_boots":2,"cobblemon:pc":2,"minecraft:beef":3,"minecraft:oak_sapling":1,"minecraft:netherite_pickaxe":8,"minecraft:cooked_beef":11,"minecraft:pumpkin":17,"minecraft:cooked_mutton":5,"minecraft:rabbit":3,"minecraft:stone_pickaxe":111,"cobblemon:monitor":2,"minecraft:oak_planks":373,"minecraft:crafting_table":3,"minecraft:white_bed":7,"minecraft:painting":4,"minecraft:black_bed":3,"minecraft:end_stone":13,"cobblemon:healing_machine":4,"minecraft:diamond_pickaxe":24,"quark:pickarang":24,"minecraft:melon_slice":21,"minecraft:bread":24,"minecraft:brown_wool":2,"minecraft:iron_pickaxe":90,"quark:cobblestone_bricks_stairs":4,"minecraft:stone_axe":90,"minecraft:diamond_sword":7,"minecraft:cobblestone":25,"minecraft:porkchop":4,"cobblemon:medicinal_leek":10,"minecraft:cooked_porkchop":7,"quark:oak_chest":11},"minecraft:killed_by":{"minecraft:player":1,"minecraft:ender_dragon":1,"minecraft:zombie":1}},"DataVersion":3465}