{"stats":{"minecraft:custom":{"minecraft:time_since_rest":0,"minecraft:sprint_one_cm":51157,"minecraft:damage_taken":816,"minecraft:walk_one_cm":36375,"minecraft:mob_kills":7,"minecraft:drop":1,"minecraft:damage_dealt":1045,"minecraft:swim_one_cm":20634,"minecraft:interact_with_crafting_table":4,"minecraft:fly_one_cm":150787,"minecraft:open_chest":1,"minecraft:crouch_one_cm":2741,"minecraft:play_time":33871,"minecraft:deaths":2,"minecraft:sneak_time":1030,"minecraft:walk_under_water_one_cm":1292,"minecraft:jump":640,"minecraft:walk_on_water_one_cm":3282,"minecraft:time_since_death":29044,"minecraft:sleep_in_bed":5,"minecraft:total_world_time":33871,"minecraft:fall_one_cm":19980},"minecraft:picked_up":{"minecraft:stick":3,"minecraft:crafting_table":2,"minecraft:leather":4,"minecraft:dandelion":1,"cobblemon:blue_apricorn_seed":1,"cobblemon:cheri_berry":6,"minecraft:porkchop":3,"minecraft:oak_log":4,"minecraft:carrot":1,"minecraft:white_bed":4,"minecraft:cornflower":3,"minecraft:dirt":22,"minecraft:rotten_flesh":1,"minecraft:apple":1,"cobblemon:poke_ball":5,"minecraft:wheat_seeds":2,"minecraft:hay_block":7,"minecraft:beef":7,"cobblemon:medicinal_leek":5,"cobblemon:blue_apricorn":6},"minecraft:dropped":{"minecraft:dandelion":1},"minecraft:mined":{"minecraft:hay_block":8,"minecraft:white_bed":4,"minecraft:crafting_table":2,"cobblemon:cheri_berry":1,"minecraft:cornflower":1,"cobblemon:medicinal_leek":5,"minecraft:grass":12,"minecraft:grass_block":2,"minecraft:oak_log":4,"minecraft:dirt":21,"minecraft:oak_leaves":3},"minecraft:crafted":{"minecraft:oak_planks":12,"minecraft:crafting_table":1,"minecraft:stick":4,"minecraft:wooden_pickaxe":1,"minecraft:wooden_axe":1,"minecraft:bread":21,"minecraft:wheat":63},"minecraft:killed":{"minecraft:zombie":2,"minecraft:pig":1,"minecraft:zombie_villager":1,"minecraft:cow":3},"minecraft:used":{"minecraft:wooden_axe":28,"minecraft:bread":10,"minecraft:dirt":22,"minecraft:crafting_table":2,"minecraft:porkchop":2,"minecraft:white_bed":4},"minecraft:killed_by":{"minecraft:zombie":1}},"DataVersion":3465}