{"stats":{"minecraft:custom":{"minecraft:time_since_rest":11584,"minecraft:interact_with_furnace":3,"minecraft:sprint_one_cm":78146,"minecraft:damage_taken":846,"minecraft:walk_one_cm":53160,"minecraft:mob_kills":13,"minecraft:drop":1,"minecraft:damage_dealt":1905,"minecraft:swim_one_cm":20634,"minecraft:interact_with_crafting_table":6,"minecraft:fly_one_cm":260564,"minecraft:open_chest":4,"minecraft:crouch_one_cm":3375,"minecraft:play_time":45871,"minecraft:deaths":2,"minecraft:sneak_time":1419,"minecraft:walk_under_water_one_cm":1826,"minecraft:jump":1045,"minecraft:walk_on_water_one_cm":4699,"minecraft:time_since_death":41044,"minecraft:sleep_in_bed":5,"minecraft:climb_one_cm":1607,"minecraft:total_world_time":45871,"minecraft:fall_one_cm":28816},"minecraft:picked_up":{"minecraft:air":0,"minecraft:stick":3,"minecraft:crafting_table":2,"minecraft:chicken":1,"minecraft:leather":4,"minecraft:dandelion":1,"cobblemon:blue_apricorn_seed":1,"cobblemon:cheri_berry":20,"minecraft:porkchop":3,"minecraft:oak_log":4,"minecraft:carrot":1,"minecraft:white_bed":5,"cobblemon:wepear_berry":18,"minecraft:cornflower":3,"minecraft:dirt":22,"minecraft:rotten_flesh":1,"minecraft:apple":1,"cobblemon:poke_ball":7,"minecraft:wheat_seeds":2,"minecraft:spruce_planks":2,"minecraft:hay_block":7,"minecraft:beef":8,"minecraft:oak_sapling":1,"cobblemon:medicinal_leek":19,"minecraft:coal":12,"minecraft:sugar_cane":1,"cobblemon:blue_apricorn":6,"minecraft:cobblestone":5},"minecraft:dropped":{"minecraft:dandelion":1},"minecraft:mined":{"minecraft:hay_block":8,"minecraft:spruce_planks":2,"minecraft:white_bed":5,"minecraft:crafting_table":2,"cobblemon:cheri_berry":1,"minecraft:cornflower":1,"cobblemon:medicinal_leek":15,"minecraft:grass":13,"minecraft:coal_ore":14,"minecraft:grass_block":2,"minecraft:oak_log":4,"minecraft:dirt":21,"minecraft:stone":5,"minecraft:oak_leaves":3},"minecraft:crafted":{"minecraft:oak_planks":16,"minecraft:crafting_table":1,"minecraft:stone_pickaxe":1,"minecraft:stick":12,"minecraft:wooden_pickaxe":1,"minecraft:wooden_axe":1,"minecraft:torch":16,"minecraft:stone_axe":1,"minecraft:bread":21,"minecraft:wheat":63},"minecraft:killed":{"minecraft:zombie":2,"minecraft:pig":1,"minecraft:bee":1,"cobblemon:pokemon":4,"minecraft:zombie_villager":1,"minecraft:cow":4},"minecraft:used":{"minecraft:wooden_axe":28,"minecraft:stone_pickaxe":19,"minecraft:bread":15,"minecraft:torch":2,"minecraft:stone_axe":18,"minecraft:dirt":22,"minecraft:crafting_table":2,"minecraft:porkchop":2,"minecraft:white_bed":4},"minecraft:killed_by":{"minecraft:zombie":1}},"DataVersion":3465}