{"stats":{"minecraft:custom":{"minecraft:time_since_rest":1510,"minecraft:sprint_one_cm":24187,"minecraft:damage_taken":551,"minecraft:walk_one_cm":23527,"minecraft:mob_kills":1,"minecraft:drop":1,"minecraft:damage_dealt":247,"minecraft:swim_one_cm":13538,"minecraft:interact_with_crafting_table":4,"minecraft:fly_one_cm":74861,"minecraft:open_chest":1,"minecraft:crouch_one_cm":2682,"minecraft:play_time":15871,"minecraft:deaths":2,"minecraft:sneak_time":983,"minecraft:walk_under_water_one_cm":1119,"minecraft:jump":345,"minecraft:walk_on_water_one_cm":1860,"minecraft:time_since_death":11044,"minecraft:sleep_in_bed":3,"minecraft:total_world_time":15871,"minecraft:fall_one_cm":10175},"minecraft:picked_up":{"minecraft:stick":3,"minecraft:crafting_table":2,"minecraft:dandelion":1,"cobblemon:cheri_berry":6,"minecraft:porkchop":2,"minecraft:oak_log":4,"minecraft:white_bed":3,"minecraft:cornflower":3,"minecraft:dirt":21,"minecraft:apple":1,"cobblemon:poke_ball":5,"minecraft:wheat_seeds":1,"minecraft:hay_block":7},"minecraft:dropped":{"minecraft:dandelion":1},"minecraft:mined":{"minecraft:hay_block":8,"minecraft:white_bed":3,"minecraft:crafting_table":2,"cobblemon:cheri_berry":1,"minecraft:cornflower":1,"minecraft:grass":1,"minecraft:grass_block":2,"minecraft:oak_log":4,"minecraft:dirt":20,"minecraft:oak_leaves":3},"minecraft:crafted":{"minecraft:oak_planks":12,"minecraft:crafting_table":1,"minecraft:stick":4,"minecraft:wooden_pickaxe":1,"minecraft:wooden_axe":1,"minecraft:bread":21,"minecraft:wheat":63},"minecraft:killed":{"minecraft:zombie_villager":1},"minecraft:used":{"minecraft:wooden_axe":7,"minecraft:bread":5,"minecraft:dirt":10,"minecraft:crafting_table":2,"minecraft:porkchop":2,"minecraft:white_bed":2},"minecraft:killed_by":{"minecraft:zombie":1}},"DataVersion":3465}