{"stats":{"minecraft:custom":{"minecraft:interact_with_furnace":27,"minecraft:mob_kills":21,"minecraft:interact_with_crafting_table":11,"minecraft:time_since_death":89044,"minecraft:sleep_in_bed":10,"minecraft:climb_one_cm":4676,"minecraft:time_since_rest":11833,"minecraft:sprint_one_cm":171475,"minecraft:damage_taken":1819,"minecraft:walk_one_cm":116920,"minecraft:drop":11,"minecraft:damage_dealt":3302,"minecraft:swim_one_cm":37797,"minecraft:fly_one_cm":420966,"minecraft:open_chest":15,"minecraft:crouch_one_cm":9547,"minecraft:play_time":93871,"minecraft:deaths":2,"minecraft:sneak_time":4664,"minecraft:walk_under_water_one_cm":6792,"minecraft:jump":1912,"minecraft:interact_with_smoker":4,"minecraft:walk_on_water_one_cm":9922,"minecraft:total_world_time":93871,"minecraft:fall_one_cm":55036},"minecraft:picked_up":{"minecraft:crafting_table":2,"minecraft:air":0,"minecraft:salmon":1,"minecraft:ladder":1,"minecraft:chicken":1,"minecraft:andesite":9,"minecraft:leather":4,"minecraft:tuff":1,"minecraft:oak_log":5,"minecraft:brick":16,"minecraft:string":2,"minecraft:lapis_lazuli":13,"minecraft:cornflower":3,"cobblemon:wepear_berry":25,"minecraft:dirt":30,"minecraft:apple":1,"minecraft:wheat_seeds":3,"minecraft:cobbled_deepslate":34,"minecraft:raw_gold":2,"minecraft:spruce_planks":7,"minecraft:beef":8,"cobblemon:oran_berry":26,"cobblemon:relic_coin":22,"cobblemon:big_root":11,"minecraft:sugar_cane":1,"cobblemon:sun_stone":1,"minecraft:stick":3,"minecraft:raw_iron":32,"minecraft:torch":2,"minecraft:dandelion":1,"cobblemon:blue_apricorn_seed":1,"minecraft:gravel":2,"cobblemon:cheri_berry":38,"minecraft:porkchop":3,"minecraft:diorite":6,"minecraft:white_bed":6,"minecraft:carrot":1,"minecraft:redstone":35,"minecraft:arrow":2,"minecraft:rotten_flesh":3,"cobblemon:poke_ball":10,"minecraft:hay_block":7,"minecraft:granite":4,"cobblemon:energy_root":1,"cobblemon:water_stone":2,"cobblemon:medicinal_leek":19,"minecraft:oak_sapling":1,"minecraft:mutton":1,"cobblemon:blue_apricorn":6,"minecraft:coal":28,"minecraft:white_wool":1,"minecraft:cobblestone":41},"minecraft:dropped":{"minecraft:gravel":2,"cobblemon:relic_coin":1,"cobblemon:wepear_berry":1,"minecraft:cobblestone":15,"minecraft:rotten_flesh":1,"minecraft:leather":4,"cobblemon:slate_ball":1,"minecraft:diorite":6,"minecraft:andesite":9,"minecraft:oak_sapling":1,"minecraft:dandelion":1},"minecraft:mined":{"minecraft:deepslate_redstone_ore":7,"minecraft:tuff":1,"minecraft:spruce_planks":7,"minecraft:white_bed":6,"cobblemon:big_root":11,"cobblemon:deepslate_water_stone_ore":2,"cobblemon:cheri_berry":1,"minecraft:crafting_table":2,"minecraft:cornflower":1,"minecraft:torch":1,"minecraft:ladder":1,"minecraft:granite":9,"minecraft:grass_block":5,"minecraft:decorated_pot":4,"cobblemon:energy_root":2,"minecraft:tall_grass":4,"minecraft:deepslate_gold_ore":2,"minecraft:diorite":6,"minecraft:wall_torch":1,"cobblemon:relic_coin_pouch":3,"minecraft:hay_block":8,"minecraft:iron_ore":17,"minecraft:andesite":9,"minecraft:deepslate_lapis_ore":2,"cobblemon:medicinal_leek":15,"minecraft:grass":15,"minecraft:oak_log":5,"minecraft:coal_ore":29,"minecraft:deepslate_iron_ore":16,"minecraft:gravel":2,"minecraft:dirt":30,"cobblemon:sun_stone_ore":1,"minecraft:stone":41,"minecraft:deepslate":36,"minecraft:oak_leaves":3},"minecraft:crafted":{"minecraft:cooked_beef":2,"minecraft:oak_planks":20,"minecraft:cooked_porkchop":7,"minecraft:crafting_table":1,"minecraft:wooden_pickaxe":1,"cobblemon:slate_ball":4,"minecraft:copper_ingot":55,"minecraft:stone_axe":1,"minecraft:bread":21,"minecraft:air":0,"cobblemon:remedy":5,"minecraft:stick":20,"minecraft:iron_ingot":20,"minecraft:iron_pickaxe":1,"minecraft:stone_pickaxe":1,"minecraft:wooden_axe":1,"minecraft:white_bed":1,"minecraft:torch":40,"minecraft:wheat":63},"minecraft:killed":{"minecraft:pig":1,"cobblemon:pokemon":8,"minecraft:zombie_villager":1,"minecraft:spider":1,"minecraft:zombie":4,"minecraft:bee":1,"minecraft:cow":4},"minecraft:used":{"minecraft:cooked_mutton":5,"minecraft:stone_pickaxe":111,"minecraft:spruce_planks":3,"minecraft:torch":42,"minecraft:dirt":22,"minecraft:crafting_table":3,"minecraft:white_bed":7,"minecraft:wooden_axe":28,"minecraft:bread":24,"minecraft:iron_pickaxe":88,"minecraft:stone_axe":62,"minecraft:cobblestone":3,"minecraft:cooked_porkchop":1,"cobblemon:medicinal_leek":3,"minecraft:porkchop":2,"minecraft:cooked_beef":3},"minecraft:killed_by":{"minecraft:zombie":1}},"DataVersion":3465}