{
  "minecraft:adventure/adventuring_time": {
    "criteria": {
      "minecraft:birch_forest": "2024-07-08 01:50:30 +0000",
      "minecraft:savanna_plateau": "2024-07-08 00:28:40 +0000",
      "minecraft:beach": "2024-07-08 01:49:27 +0000",
      "minecraft:sparse_jungle": "2024-07-08 01:08:24 +0000",
      "minecraft:river": "2024-07-08 00:46:23 +0000",
      "minecraft:forest": "2024-07-08 00:56:48 +0000",
      "minecraft:jungle": "2024-07-08 01:52:04 +0000",
      "minecraft:meadow": "2024-07-08 00:28:50 +0000",
      "minecraft:savanna": "2024-07-08 00:26:19 +0000",
      "minecraft:plains": "2024-07-08 00:24:53 +0000"
    },
    "done": false
  },
  "minecraft:story/mine_stone": {
    "criteria": {
      "get_stone": "2024-07-08 00:26:53 +0000"
    },
    "done": true
  },
  "minecraft:story/upgrade_tools": {
    "criteria": {
      "stone_pickaxe": "2024-07-08 00:28:22 +0000"
    },
    "done": true
  },
  "cobblemon:root": {
    "criteria": {
      "picked_starter": "2024-07-08 00:37:21 +0000"
    },
    "done": true
  },
  "minecraft:adventure/root": {
    "criteria": {
      "killed_by_something": "2024-07-08 00:38:39 +0000"
    },
    "done": true
  },
  "cobblemon:craft_base_balls": {
    "criteria": {
      "slate_ball": "2024-07-08 01:12:10 +0000",
      "poke_ball": "2024-07-08 00:38:56 +0000",
      "azure_ball": "2024-07-08 02:00:30 +0000",
      "verdant_ball": "2024-07-08 01:22:25 +0000"
    },
    "done": false
  },
  "cobblemon:craft_poke_ball": {
    "criteria": {
      "requirement": "2024-07-08 00:38:56 +0000"
    },
    "done": true
  },
  "cobblemon:craft_all_balls": {
    "criteria": {
      "azure_ball": "2024-07-08 02:00:30 +0000",
      "verdant_ball": "2024-07-08 01:22:25 +0000",
      "ultra_ball": "2024-07-08 02:44:54 +0000",
      "slate_ball": "2024-07-08 01:12:10 +0000",
      "poke_ball": "2024-07-08 00:38:56 +0000"
    },
    "done": false
  },
  "minecraft:adventure/sleep_in_bed": {
    "criteria": {
      "slept_in_bed": "2024-07-08 00:44:01 +0000"
    },
    "done": true
  },
  "minecraft:adventure/kill_a_mob": {
    "criteria": {
      "minecraft:zombie": "2024-07-08 00:44:16 +0000"
    },
    "done": true
  },
  "minecraft:adventure/kill_all_mobs": {
    "criteria": {
      "minecraft:skeleton": "2024-07-08 01:24:42 +0000",
      "minecraft:spider": "2024-07-08 01:26:27 +0000",
      "minecraft:creeper": "2024-07-08 01:25:02 +0000",
      "minecraft:zombie": "2024-07-08 00:44:16 +0000"
    },
    "done": false
  },
  "cobblemon:any_plant": {
    "criteria": {
      "check_inv": "2024-07-08 00:46:33 +0000"
    },
    "done": true
  },
  "cobblemon:harvest_apricorn": {
    "criteria": {
      "check_inv": "2024-07-08 00:46:33 +0000"
    },
    "done": true
  },
  "cobblemon:harvest_apricorn_seed": {
    "criteria": {
      "check_inv": "2024-07-08 00:46:33 +0000"
    },
    "done": true
  },
  "cobblemon:first_catch": {
    "criteria": {
      "catch": "2024-07-08 00:51:19 +0000"
    },
    "done": true
  },
  "minecraft:story/root": {
    "criteria": {
      "crafting_table": "2024-07-08 00:52:00 +0000"
    },
    "done": true
  },
  "minecraft:husbandry/balanced_diet": {
    "criteria": {
      "cooked_porkchop": "2024-07-08 02:01:58 +0000",
      "cooked_mutton": "2024-07-08 01:05:54 +0000",
      "porkchop": "2024-07-08 01:47:03 +0000",
      "melon_slice": "2024-07-08 01:53:28 +0000",
      "cooked_chicken": "2024-07-08 00:53:06 +0000"
    },
    "done": false
  },
  "minecraft:husbandry/root": {
    "criteria": {
      "consumed_item": "2024-07-08 00:53:06 +0000"
    },
    "done": true
  },
  "cobblemon:obtain_all_berries": {
    "criteria": {
      "obtain_chilan_berry": "2024-07-08 01:56:24 +0000",
      "obtain_oran_berry": "2024-07-08 01:07:24 +0000",
      "obtain_cheri_berry": "2024-07-08 00:53:57 +0000"
    },
    "done": false
  },
  "cobblemon:obtain_berry": {
    "criteria": {
      "check_inv": "2024-07-08 00:53:57 +0000"
    },
    "done": true
  },
  "cobblemon:obtain_leek": {
    "criteria": {
      "check_inv": "2024-07-08 01:03:53 +0000"
    },
    "done": true
  },
  "cobblemon:rainbow_apricorns": {
    "criteria": {
      "place_black": "2024-07-08 01:12:19 +0000",
      "place_green": "2024-07-08 01:12:25 +0000",
      "place_blue": "2024-07-08 02:06:05 +0000"
    },
    "done": false
  },
  "minecraft:adventure/shoot_arrow": {
    "criteria": {
      "shot_arrow": "2024-07-08 01:27:25 +0000"
    },
    "done": true
  },
  "cobblemon:first_battle_victory": {
    "criteria": {
      "win": "2024-07-08 01:43:07 +0000"
    },
    "done": true
  },
  "cobblemon:craft_remedy": {
    "criteria": {
      "check_inv": "2024-07-08 01:59:00 +0000"
    },
    "done": true
  },
  "cobblemon:first_evolution": {
    "criteria": {
      "evolve": "2024-07-08 02:29:23 +0000"
    },
    "done": true
  },
  "cobblemon:full_party": {
    "criteria": {
      "full_party": "2024-07-08 02:34:18 +0000"
    },
    "done": true
  },
  "minecraft:nether/root": {
    "criteria": {
      "entered_nether": "2024-07-08 03:06:37 +0000"
    },
    "done": true
  },
  "minecraft:story/shiny_gear": {
    "criteria": {
      "diamond_chestplate": "2024-07-08 02:41:14 +0000"
    },
    "done": true
  },
  "cobblemon:healing_machine": {
    "criteria": {
      "use_healing_machine": "2024-07-08 02:55:46 +0000"
    },
    "done": true
  },
  "minecraft:story/obtain_armor": {
    "criteria": {
      "iron_chestplate": "2024-07-08 02:41:14 +0000"
    },
    "done": true
  },
  "cobblemon:use_candy": {
    "criteria": {
      "use_rare_candy": "2024-07-08 02:45:07 +0000"
    },
    "done": true
  },
  "minecraft:story/enter_the_nether": {
    "criteria": {
      "entered_nether": "2024-07-08 03:06:37 +0000"
    },
    "done": true
  },
  "minecraft:story/enchant_item": {
    "criteria": {
      "enchanted_item": "2024-07-08 02:43:52 +0000"
    },
    "done": true
  },
  "minecraft:nether/explore_nether": {
    "criteria": {
      "minecraft:crimson_forest": "2024-07-08 03:06:37 +0000",
      "minecraft:nether_wastes": "2024-07-08 03:07:16 +0000"
    },
    "done": false
  },
  "DataVersion": 3465
}