{
  "minecraft:story/mine_stone": {
    "criteria": {
      "get_stone": "2024-07-08 00:26:53 +0000"
    },
    "done": true
  },
  "minecraft:adventure/adventuring_time": {
    "criteria": {
      "minecraft:savanna_plateau": "2024-07-08 00:28:40 +0000",
      "minecraft:meadow": "2024-07-08 00:28:50 +0000",
      "minecraft:savanna": "2024-07-08 00:26:19 +0000",
      "minecraft:plains": "2024-07-08 00:24:53 +0000"
    },
    "done": false
  },
  "minecraft:story/upgrade_tools": {
    "criteria": {
      "stone_pickaxe": "2024-07-08 00:28:22 +0000"
    },
    "done": true
  },
  "DataVersion": 3465
}