{
  "cobblemon:craft_base_balls": {
    "criteria": {
      "poke_ball": "2024-07-08 00:38:20 +0000",
      "verdant_ball": "2024-07-08 01:27:42 +0000"
    },
    "done": false
  },
  "minecraft:husbandry/balanced_diet": {
    "criteria": {
      "honey_bottle": "2024-07-08 01:05:47 +0000",
      "cooked_mutton": "2024-07-08 00:53:39 +0000",
      "cooked_beef": "2024-07-08 01:09:33 +0000",
      "porkchop": "2024-07-08 00:51:58 +0000",
      "apple": "2024-07-08 01:05:13 +0000"
    },
    "done": false
  },
  "cobblemon:root": {
    "criteria": {
      "picked_starter": "2024-07-08 00:36:58 +0000"
    },
    "done": true
  },
  "cobblemon:craft_poke_ball": {
    "criteria": {
      "requirement": "2024-07-08 00:38:20 +0000"
    },
    "done": true
  },
  "minecraft:story/root": {
    "criteria": {
      "crafting_table": "2024-07-08 00:23:44 +0000"
    },
    "done": true
  },
  "minecraft:adventure/kill_a_mob": {
    "criteria": {
      "minecraft:zombie": "2024-07-08 01:26:16 +0000"
    },
    "done": true
  },
  "minecraft:story/mine_stone": {
    "criteria": {
      "get_stone": "2024-07-08 00:25:09 +0000"
    },
    "done": true
  },
  "minecraft:adventure/adventuring_time": {
    "criteria": {
      "minecraft:river": "2024-07-08 00:51:45 +0000",
      "minecraft:forest": "2024-07-08 00:55:24 +0000",
      "minecraft:savanna": "2024-07-08 00:21:30 +0000",
      "minecraft:plains": "2024-07-08 00:20:45 +0000"
    },
    "done": false
  },
  "minecraft:adventure/sleep_in_bed": {
    "criteria": {
      "slept_in_bed": "2024-07-08 00:43:34 +0000"
    },
    "done": true
  },
  "minecraft:husbandry/root": {
    "criteria": {
      "consumed_item": "2024-07-08 00:51:58 +0000"
    },
    "done": true
  },
  "minecraft:adventure/root": {
    "criteria": {
      "killed_something": "2024-07-08 00:38:39 +0000"
    },
    "done": true
  },
  "minecraft:adventure/shoot_arrow": {
    "criteria": {
      "shot_arrow": "2024-07-08 00:32:24 +0000"
    },
    "done": true
  },
  "minecraft:adventure/kill_all_mobs": {
    "criteria": {
      "minecraft:skeleton": "2024-07-08 01:36:46 +0000",
      "minecraft:spider": "2024-07-08 01:26:40 +0000",
      "minecraft:creeper": "2024-07-08 02:00:28 +0000",
      "minecraft:zombie": "2024-07-08 01:26:16 +0000"
    },
    "done": false
  },
  "cobblemon:craft_all_balls": {
    "criteria": {
      "verdant_ball": "2024-07-08 01:27:42 +0000",
      "poke_ball": "2024-07-08 00:38:20 +0000"
    },
    "done": false
  },
  "cobblemon:first_catch": {
    "criteria": {
      "catch": "2024-07-08 00:39:39 +0000"
    },
    "done": true
  },
  "minecraft:story/upgrade_tools": {
    "criteria": {
      "stone_pickaxe": "2024-07-08 00:25:55 +0000"
    },
    "done": true
  },
  "DataVersion": 3465
}