{
  "cobblemon:any_plant": {
    "criteria": {
      "check_inv": "2024-07-09 20:01:22 +0000"
    },
    "done": true
  },
  "cobblemon:root": {
    "criteria": {
      "picked_starter": "2024-07-09 20:01:00 +0000"
    },
    "done": true
  },
  "cobblemon:craft_poke_ball": {
    "criteria": {
      "requirement": "2024-07-09 20:03:48 +0000"
    },
    "done": true
  },
  "minecraft:story/root": {
    "criteria": {
      "crafting_table": "2024-07-09 20:04:41 +0000"
    },
    "done": true
  },
  "cobblemon:harvest_apricorn": {
    "criteria": {
      "check_inv": "2024-07-09 20:07:16 +0000"
    },
    "done": true
  },
  "minecraft:adventure/adventuring_time": {
    "criteria": {
      "minecraft:birch_forest": "2024-07-09 20:11:12 +0000",
      "minecraft:bamboo_jungle": "2024-07-09 20:06:43 +0000",
      "minecraft:beach": "2024-07-09 20:11:25 +0000",
      "minecraft:sparse_jungle": "2024-07-09 20:05:36 +0000",
      "minecraft:river": "2024-07-09 20:01:27 +0000",
      "minecraft:forest": "2024-07-09 20:00:13 +0000",
      "minecraft:jungle": "2024-07-09 20:05:15 +0000",
      "minecraft:ocean": "2024-07-09 20:15:51 +0000"
    },
    "done": false
  },
  "minecraft:husbandry/root": {
    "criteria": {
      "consumed_item": "2024-07-09 20:01:38 +0000"
    },
    "done": true
  },
  "cobblemon:use_candy": {
    "criteria": {
      "use_xl_candy": "2024-07-09 20:09:42 +0000"
    },
    "done": true
  },
  "cobblemon:first_evolution": {
    "criteria": {
      "evolve": "2024-07-09 20:09:51 +0000"
    },
    "done": true
  },
  "cobblemon:craft_all_balls": {
    "criteria": {
      "ultra_ball": "2024-07-09 20:03:48 +0000"
    },
    "done": false
  },
  "cobblemon:full_party": {
    "criteria": {
      "full_party": "2024-07-09 20:16:53 +0000"
    },
    "done": true
  },
  "cobblemon:first_catch": {
    "criteria": {
      "catch": "2024-07-09 20:04:44 +0000"
    },
    "done": true
  },
  "cobblemon:obtain_leek": {
    "criteria": {
      "check_inv": "2024-07-09 20:01:22 +0000"
    },
    "done": true
  },
  "DataVersion": 3465
}