{
  "cobblemon:root": {
    "criteria": {
      "picked_starter": "2024-07-09 23:55:56 +0000"
    },
    "done": true
  },
  "cobblemon:craft_poke_ball": {
    "criteria": {
      "requirement": "2024-07-09 23:57:15 +0000"
    },
    "done": true
  },
  "minecraft:story/root": {
    "criteria": {
      "crafting_table": "2024-07-09 23:55:47 +0000"
    },
    "done": true
  },
  "minecraft:adventure/adventuring_time": {
    "criteria": {
      "minecraft:wooded_badlands": "2024-07-10 00:00:36 +0000",
      "minecraft:badlands": "2024-07-10 00:04:21 +0000",
      "minecraft:beach": "2024-07-09 23:55:04 +0000",
      "minecraft:sparse_jungle": "2024-07-09 23:55:42 +0000",
      "minecraft:river": "2024-07-10 00:01:19 +0000",
      "minecraft:desert": "2024-07-10 00:01:12 +0000"
    },
    "done": false
  },
  "minecraft:adventure/sleep_in_bed": {
    "criteria": {
      "slept_in_bed": "2024-07-10 00:03:52 +0000"
    },
    "done": true
  },
  "cobblemon:craft_all_balls": {
    "criteria": {
      "ultra_ball": "2024-07-09 23:57:15 +0000"
    },
    "done": false
  },
  "cobblemon:full_party": {
    "criteria": {
      "full_party": "2024-07-10 00:05:52 +0000"
    },
    "done": true
  },
  "cobblemon:first_catch": {
    "criteria": {
      "catch": "2024-07-09 23:59:15 +0000"
    },
    "done": true
  },
  "DataVersion": 3465
}