{
  "cobblemon:any_plant": {
    "criteria": {
      "check_inv": "2024-07-10 00:27:37 +0000"
    },
    "done": true
  },
  "minecraft:nether/root": {
    "criteria": {
      "entered_nether": "2024-07-10 00:44:56 +0000"
    },
    "done": true
  },
  "cobblemon:healing_machine": {
    "criteria": {
      "use_healing_machine": "2024-07-10 00:09:17 +0000"
    },
    "done": true
  },
  "minecraft:husbandry/balanced_diet": {
    "criteria": {
      "cooked_mutton": "2024-07-10 00:36:57 +0000",
      "golden_apple": "2024-07-10 00:13:37 +0000"
    },
    "done": false
  },
  "cobblemon:root": {
    "criteria": {
      "picked_starter": "2024-07-09 23:55:56 +0000"
    },
    "done": true
  },
  "cobblemon:craft_poke_ball": {
    "criteria": {
      "requirement": "2024-07-09 23:57:15 +0000"
    },
    "done": true
  },
  "minecraft:story/root": {
    "criteria": {
      "crafting_table": "2024-07-09 23:55:47 +0000"
    },
    "done": true
  },
  "minecraft:story/form_obsidian": {
    "criteria": {
      "obsidian": "2024-07-10 00:43:49 +0000"
    },
    "done": true
  },
  "minecraft:adventure/adventuring_time": {
    "criteria": {
      "minecraft:wooded_badlands": "2024-07-10 00:00:36 +0000",
      "minecraft:badlands": "2024-07-10 00:04:21 +0000",
      "minecraft:beach": "2024-07-09 23:55:04 +0000",
      "minecraft:sparse_jungle": "2024-07-09 23:55:42 +0000",
      "minecraft:river": "2024-07-10 00:01:19 +0000",
      "minecraft:forest": "2024-07-10 00:33:52 +0000",
      "minecraft:lush_caves": "2024-07-10 00:45:47 +0000",
      "minecraft:desert": "2024-07-10 00:01:12 +0000",
      "minecraft:jungle": "2024-07-10 00:25:52 +0000",
      "minecraft:savanna": "2024-07-10 00:33:58 +0000",
      "minecraft:plains": "2024-07-10 00:26:30 +0000"
    },
    "done": false
  },
  "minecraft:adventure/sleep_in_bed": {
    "criteria": {
      "slept_in_bed": "2024-07-10 00:03:52 +0000"
    },
    "done": true
  },
  "minecraft:husbandry/root": {
    "criteria": {
      "consumed_item": "2024-07-10 00:13:37 +0000"
    },
    "done": true
  },
  "cobblemon:use_candy": {
    "criteria": {
      "use_xl_candy": "2024-07-10 00:10:39 +0000"
    },
    "done": true
  },
  "cobblemon:first_evolution": {
    "criteria": {
      "evolve": "2024-07-10 00:10:53 +0000"
    },
    "done": true
  },
  "minecraft:adventure/root": {
    "criteria": {
      "killed_something": "2024-07-10 00:39:56 +0000"
    },
    "done": true
  },
  "minecraft:story/enter_the_nether": {
    "criteria": {
      "entered_nether": "2024-07-10 00:44:56 +0000"
    },
    "done": true
  },
  "cobblemon:craft_all_balls": {
    "criteria": {
      "ultra_ball": "2024-07-09 23:57:15 +0000"
    },
    "done": false
  },
  "cobblemon:full_party": {
    "criteria": {
      "full_party": "2024-07-10 00:05:52 +0000"
    },
    "done": true
  },
  "minecraft:nether/explore_nether": {
    "criteria": {
      "minecraft:nether_wastes": "2024-07-10 00:44:58 +0000",
      "minecraft:soul_sand_valley": "2024-07-10 00:45:20 +0000"
    },
    "done": false
  },
  "cobblemon:first_catch": {
    "criteria": {
      "catch": "2024-07-09 23:59:15 +0000"
    },
    "done": true
  },
  "cobblemon:obtain_leek": {
    "criteria": {
      "check_inv": "2024-07-10 00:27:37 +0000"
    },
    "done": true
  },
  "DataVersion": 3465
}