{
  "cobblemon:any_plant": {
    "criteria": {
      "check_inv": "2024-07-09 20:01:22 +0000"
    },
    "done": true
  },
  "cobblemon:root": {
    "criteria": {
      "picked_starter": "2024-07-09 20:01:00 +0000"
    },
    "done": true
  },
  "cobblemon:craft_poke_ball": {
    "criteria": {
      "requirement": "2024-07-09 20:03:48 +0000"
    },
    "done": true
  },
  "minecraft:story/root": {
    "criteria": {
      "crafting_table": "2024-07-09 20:04:41 +0000"
    },
    "done": true
  },
  "minecraft:adventure/adventuring_time": {
    "criteria": {
      "minecraft:river": "2024-07-09 20:01:27 +0000",
      "minecraft:forest": "2024-07-09 20:00:13 +0000"
    },
    "done": false
  },
  "minecraft:husbandry/root": {
    "criteria": {
      "consumed_item": "2024-07-09 20:01:38 +0000"
    },
    "done": true
  },
  "cobblemon:craft_all_balls": {
    "criteria": {
      "ultra_ball": "2024-07-09 20:03:48 +0000"
    },
    "done": false
  },
  "cobblemon:first_catch": {
    "criteria": {
      "catch": "2024-07-09 20:04:44 +0000"
    },
    "done": true
  },
  "cobblemon:obtain_leek": {
    "criteria": {
      "check_inv": "2024-07-09 20:01:22 +0000"
    },
    "done": true
  },
  "DataVersion": 3465
}