{
  "cobblemon:any_plant": {
    "criteria": {
      "check_inv": "2024-07-08 00:52:03 +0000"
    },
    "done": true
  },
  "cobblemon:craft_base_balls": {
    "criteria": {
      "poke_ball": "2024-07-08 00:38:34 +0000"
    },
    "done": false
  },
  "cobblemon:obtain_all_berries": {
    "criteria": {
      "obtain_rawst_berry": "2024-07-08 00:52:03 +0000",
      "obtain_chilan_berry": "2024-07-08 00:54:28 +0000",
      "obtain_cheri_berry": "2024-07-08 01:29:37 +0000"
    },
    "done": false
  },
  "cobblemon:obtain_berry": {
    "criteria": {
      "check_inv": "2024-07-08 00:52:03 +0000"
    },
    "done": true
  },
  "minecraft:husbandry/balanced_diet": {
    "criteria": {
      "cooked_porkchop": "2024-07-08 00:42:33 +0000",
      "cooked_chicken": "2024-07-08 01:01:52 +0000"
    },
    "done": false
  },
  "cobblemon:root": {
    "criteria": {
      "picked_starter": "2024-07-08 00:37:21 +0000"
    },
    "done": true
  },
  "cobblemon:craft_poke_ball": {
    "criteria": {
      "requirement": "2024-07-08 00:38:34 +0000"
    },
    "done": true
  },
  "minecraft:story/root": {
    "criteria": {
      "crafting_table": "2024-07-08 00:24:40 +0000"
    },
    "done": true
  },
  "cobblemon:harvest_apricorn": {
    "criteria": {
      "check_inv": "2024-07-08 01:04:52 +0000"
    },
    "done": true
  },
  "minecraft:adventure/kill_a_mob": {
    "criteria": {
      "minecraft:zombie": "2024-07-08 00:30:27 +0000"
    },
    "done": true
  },
  "minecraft:story/mine_stone": {
    "criteria": {
      "get_stone": "2024-07-08 00:25:06 +0000"
    },
    "done": true
  },
  "minecraft:adventure/adventuring_time": {
    "criteria": {
      "minecraft:savanna_plateau": "2024-07-08 00:29:04 +0000",
      "minecraft:river": "2024-07-08 00:51:42 +0000",
      "minecraft:forest": "2024-07-08 00:55:26 +0000",
      "minecraft:meadow": "2024-07-08 00:31:59 +0000",
      "minecraft:savanna": "2024-07-08 00:23:15 +0000",
      "minecraft:plains": "2024-07-08 00:22:16 +0000"
    },
    "done": false
  },
  "minecraft:adventure/sleep_in_bed": {
    "criteria": {
      "slept_in_bed": "2024-07-08 00:43:34 +0000"
    },
    "done": true
  },
  "minecraft:husbandry/root": {
    "criteria": {
      "consumed_item": "2024-07-08 00:42:33 +0000"
    },
    "done": true
  },
  "minecraft:adventure/root": {
    "criteria": {
      "killed_something": "2024-07-08 00:30:27 +0000"
    },
    "done": true
  },
  "minecraft:adventure/kill_all_mobs": {
    "criteria": {
      "minecraft:skeleton": "2024-07-08 00:36:54 +0000",
      "minecraft:creeper": "2024-07-08 00:31:29 +0000",
      "minecraft:zombie": "2024-07-08 00:30:27 +0000"
    },
    "done": false
  },
  "cobblemon:craft_all_balls": {
    "criteria": {
      "poke_ball": "2024-07-08 00:38:34 +0000"
    },
    "done": false
  },
  "cobblemon:first_catch": {
    "criteria": {
      "catch": "2024-07-08 00:40:47 +0000"
    },
    "done": true
  },
  "minecraft:story/upgrade_tools": {
    "criteria": {
      "stone_pickaxe": "2024-07-08 00:25:26 +0000"
    },
    "done": true
  },
  "cobblemon:obtain_leek": {
    "criteria": {
      "check_inv": "2024-07-08 01:06:13 +0000"
    },
    "done": true
  },
  "DataVersion": 3465
}