{
  "minecraft:story/root": {
    "criteria": {
      "crafting_table": "2024-07-08 00:24:40 +0000"
    },
    "done": true
  },
  "minecraft:adventure/kill_a_mob": {
    "criteria": {
      "minecraft:zombie": "2024-07-08 00:30:27 +0000"
    },
    "done": true
  },
  "minecraft:story/mine_stone": {
    "criteria": {
      "get_stone": "2024-07-08 00:25:06 +0000"
    },
    "done": true
  },
  "minecraft:adventure/adventuring_time": {
    "criteria": {
      "minecraft:savanna_plateau": "2024-07-08 00:29:04 +0000",
      "minecraft:meadow": "2024-07-08 00:31:59 +0000",
      "minecraft:savanna": "2024-07-08 00:23:15 +0000",
      "minecraft:plains": "2024-07-08 00:22:16 +0000"
    },
    "done": false
  },
  "minecraft:adventure/root": {
    "criteria": {
      "killed_something": "2024-07-08 00:30:27 +0000"
    },
    "done": true
  },
  "minecraft:adventure/kill_all_mobs": {
    "criteria": {
      "minecraft:creeper": "2024-07-08 00:31:29 +0000",
      "minecraft:zombie": "2024-07-08 00:30:27 +0000"
    },
    "done": false
  },
  "minecraft:story/upgrade_tools": {
    "criteria": {
      "stone_pickaxe": "2024-07-08 00:25:26 +0000"
    },
    "done": true
  },
  "DataVersion": 3465
}