{
  "cobblemon:any_plant": {
    "criteria": {
      "check_inv": "2024-07-08 00:40:32 +0000"
    },
    "done": true
  },
  "cobblemon:craft_base_balls": {
    "criteria": {
      "slate_ball": "2024-07-08 01:23:03 +0000",
      "poke_ball": "2024-07-08 00:39:06 +0000"
    },
    "done": false
  },
  "cobblemon:obtain_all_berries": {
    "criteria": {
      "obtain_persim_berry": "2024-07-08 01:51:30 +0000",
      "obtain_oran_berry": "2024-07-08 01:49:23 +0000",
      "obtain_cheri_berry": "2024-07-08 00:40:32 +0000",
      "obtain_wepear_berry": "2024-07-08 01:02:17 +0000"
    },
    "done": false
  },
  "cobblemon:craft_remedy": {
    "criteria": {
      "check_inv": "2024-07-08 01:43:41 +0000"
    },
    "done": true
  },
  "cobblemon:obtain_berry": {
    "criteria": {
      "check_inv": "2024-07-08 00:40:32 +0000"
    },
    "done": true
  },
  "minecraft:husbandry/balanced_diet": {
    "criteria": {
      "cooked_porkchop": "2024-07-08 01:49:47 +0000",
      "cooked_mutton": "2024-07-08 01:38:56 +0000",
      "cooked_beef": "2024-07-08 01:31:49 +0000",
      "beef": "2024-07-08 02:06:23 +0000",
      "porkchop": "2024-07-08 00:35:13 +0000",
      "bread": "2024-07-08 00:41:11 +0000"
    },
    "done": false
  },
  "cobblemon:root": {
    "criteria": {
      "picked_starter": "2024-07-08 00:34:05 +0000"
    },
    "done": true
  },
  "minecraft:story/iron_tools": {
    "criteria": {
      "iron_pickaxe": "2024-07-08 01:25:09 +0000"
    },
    "done": true
  },
  "cobblemon:craft_poke_ball": {
    "criteria": {
      "requirement": "2024-07-08 00:39:06 +0000"
    },
    "done": true
  },
  "minecraft:story/root": {
    "criteria": {
      "crafting_table": "2024-07-08 00:41:56 +0000"
    },
    "done": true
  },
  "cobblemon:harvest_apricorn": {
    "criteria": {
      "check_inv": "2024-07-08 00:47:51 +0000"
    },
    "done": true
  },
  "minecraft:adventure/kill_a_mob": {
    "criteria": {
      "minecraft:zombie_villager": "2024-07-08 00:43:57 +0000"
    },
    "done": true
  },
  "minecraft:story/mine_stone": {
    "criteria": {
      "get_stone": "2024-07-08 01:02:36 +0000"
    },
    "done": true
  },
  "quark:mine_toretoise": {
    "criteria": {
      "mine_toretoise": "2024-07-08 01:20:24 +0000"
    },
    "done": true
  },
  "minecraft:adventure/adventuring_time": {
    "criteria": {
      "minecraft:bamboo_jungle": "2024-07-08 01:49:51 +0000",
      "minecraft:beach": "2024-07-08 01:48:50 +0000",
      "minecraft:sparse_jungle": "2024-07-08 01:06:45 +0000",
      "minecraft:river": "2024-07-08 00:37:38 +0000",
      "minecraft:forest": "2024-07-08 01:10:06 +0000",
      "minecraft:flower_forest": "2024-07-08 00:41:44 +0000",
      "minecraft:meadow": "2024-07-08 00:39:36 +0000",
      "minecraft:savanna": "2024-07-08 00:37:10 +0000",
      "minecraft:plains": "2024-07-08 00:32:08 +0000"
    },
    "done": false
  },
  "minecraft:adventure/sleep_in_bed": {
    "criteria": {
      "slept_in_bed": "2024-07-08 00:42:33 +0000"
    },
    "done": true
  },
  "minecraft:husbandry/root": {
    "criteria": {
      "consumed_item": "2024-07-08 00:35:13 +0000"
    },
    "done": true
  },
  "minecraft:adventure/root": {
    "criteria": {
      "killed_by_something": "2024-07-08 00:32:29 +0000"
    },
    "done": true
  },
  "minecraft:adventure/kill_all_mobs": {
    "criteria": {
      "minecraft:skeleton": "2024-07-08 01:36:03 +0000",
      "minecraft:spider": "2024-07-08 01:36:08 +0000",
      "minecraft:creeper": "2024-07-08 02:04:17 +0000",
      "minecraft:zombie": "2024-07-08 00:59:25 +0000",
      "minecraft:zombie_villager": "2024-07-08 00:43:57 +0000"
    },
    "done": false
  },
  "cobblemon:craft_all_balls": {
    "criteria": {
      "slate_ball": "2024-07-08 01:23:03 +0000",
      "poke_ball": "2024-07-08 00:39:06 +0000"
    },
    "done": false
  },
  "cobblemon:first_catch": {
    "criteria": {
      "catch": "2024-07-08 00:45:21 +0000"
    },
    "done": true
  },
  "minecraft:story/upgrade_tools": {
    "criteria": {
      "stone_pickaxe": "2024-07-08 01:02:43 +0000"
    },
    "done": true
  },
  "cobblemon:harvest_apricorn_seed": {
    "criteria": {
      "check_inv": "2024-07-08 00:47:51 +0000"
    },
    "done": true
  },
  "cobblemon:obtain_leek": {
    "criteria": {
      "check_inv": "2024-07-08 00:48:24 +0000"
    },
    "done": true
  },
  "cobblemon:obtain_big_root": {
    "criteria": {
      "check_inv": "2024-07-08 01:36:14 +0000"
    },
    "done": true
  },
  "minecraft:story/smelt_iron": {
    "criteria": {
      "iron": "2024-07-08 01:22:01 +0000"
    },
    "done": true
  },
  "DataVersion": 3465
}