{
  "cobblemon:any_plant": {
    "criteria": {
      "check_inv": "2024-07-08 00:40:32 +0000"
    },
    "done": true
  },
  "cobblemon:craft_base_balls": {
    "criteria": {
      "poke_ball": "2024-07-08 00:39:06 +0000"
    },
    "done": false
  },
  "cobblemon:obtain_all_berries": {
    "criteria": {
      "obtain_cheri_berry": "2024-07-08 00:40:32 +0000",
      "obtain_wepear_berry": "2024-07-08 01:02:17 +0000"
    },
    "done": false
  },
  "cobblemon:obtain_berry": {
    "criteria": {
      "check_inv": "2024-07-08 00:40:32 +0000"
    },
    "done": true
  },
  "minecraft:husbandry/balanced_diet": {
    "criteria": {
      "porkchop": "2024-07-08 00:35:13 +0000",
      "bread": "2024-07-08 00:41:11 +0000"
    },
    "done": false
  },
  "cobblemon:root": {
    "criteria": {
      "picked_starter": "2024-07-08 00:34:05 +0000"
    },
    "done": true
  },
  "cobblemon:craft_poke_ball": {
    "criteria": {
      "requirement": "2024-07-08 00:39:06 +0000"
    },
    "done": true
  },
  "minecraft:story/root": {
    "criteria": {
      "crafting_table": "2024-07-08 00:41:56 +0000"
    },
    "done": true
  },
  "cobblemon:harvest_apricorn": {
    "criteria": {
      "check_inv": "2024-07-08 00:47:51 +0000"
    },
    "done": true
  },
  "minecraft:adventure/kill_a_mob": {
    "criteria": {
      "minecraft:zombie_villager": "2024-07-08 00:43:57 +0000"
    },
    "done": true
  },
  "minecraft:story/mine_stone": {
    "criteria": {
      "get_stone": "2024-07-08 01:02:36 +0000"
    },
    "done": true
  },
  "minecraft:adventure/adventuring_time": {
    "criteria": {
      "minecraft:sparse_jungle": "2024-07-08 01:06:45 +0000",
      "minecraft:river": "2024-07-08 00:37:38 +0000",
      "minecraft:forest": "2024-07-08 01:10:06 +0000",
      "minecraft:flower_forest": "2024-07-08 00:41:44 +0000",
      "minecraft:meadow": "2024-07-08 00:39:36 +0000",
      "minecraft:savanna": "2024-07-08 00:37:10 +0000",
      "minecraft:plains": "2024-07-08 00:32:08 +0000"
    },
    "done": false
  },
  "minecraft:adventure/sleep_in_bed": {
    "criteria": {
      "slept_in_bed": "2024-07-08 00:42:33 +0000"
    },
    "done": true
  },
  "minecraft:husbandry/root": {
    "criteria": {
      "consumed_item": "2024-07-08 00:35:13 +0000"
    },
    "done": true
  },
  "minecraft:adventure/root": {
    "criteria": {
      "killed_by_something": "2024-07-08 00:32:29 +0000"
    },
    "done": true
  },
  "minecraft:adventure/kill_all_mobs": {
    "criteria": {
      "minecraft:zombie": "2024-07-08 00:59:25 +0000",
      "minecraft:zombie_villager": "2024-07-08 00:43:57 +0000"
    },
    "done": false
  },
  "cobblemon:craft_all_balls": {
    "criteria": {
      "poke_ball": "2024-07-08 00:39:06 +0000"
    },
    "done": false
  },
  "cobblemon:first_catch": {
    "criteria": {
      "catch": "2024-07-08 00:45:21 +0000"
    },
    "done": true
  },
  "minecraft:story/upgrade_tools": {
    "criteria": {
      "stone_pickaxe": "2024-07-08 01:02:43 +0000"
    },
    "done": true
  },
  "cobblemon:harvest_apricorn_seed": {
    "criteria": {
      "check_inv": "2024-07-08 00:47:51 +0000"
    },
    "done": true
  },
  "cobblemon:obtain_leek": {
    "criteria": {
      "check_inv": "2024-07-08 00:48:24 +0000"
    },
    "done": true
  },
  "DataVersion": 3465
}